"year","month","weighted_mean_bt","mean_bt","median_bt","sd_bt","max_bt","min_bt"
1970,1,12.3190587401112,12.3266497614967,12.3186196962992,1.49441329209174,15.5143196105957,7.79802700678507
1970,2,10.3213326725662,10.4264013345355,10.3750457763672,1.62724381379597,15.5766334533691,6.83634965760367
1970,3,10.3628966888876,10.4254810877564,10.4691261476086,1.34466413773103,14.7727561150828,6.47462841772264
1970,4,10.4767177507303,10.4398392655691,10.5102273623149,1.35827922454201,13.574568271637,6.55729664166768
1970,5,10.5147994749949,10.6510456432219,10.736289424281,1.58443471050761,14.0518255541402,6.48765350157215
1970,6,10.9348374301895,11.0606320788489,11.2180293401082,1.36788787762251,14.5279343605042,7.02518135706584
1970,7,11.0894083625625,11.2611094602769,11.5657351709181,1.4307220697894,14.2673657325006,6.23117290004607
1970,8,10.9663592133526,11.1364623383143,11.1955580865183,1.5004767186136,14.8513409706854,6.73591967551939
1970,9,10.6262433322742,10.8407328858693,10.9534956296285,1.61161179047166,14.9499274889628,6.02888698577881
1970,10,10.9611882633575,11.0770306329625,11.3078805861935,1.54450994745564,15.964898017145,6.40546452614569
1970,11,11.4042480582329,11.4651658463796,11.5135390281677,1.65174297607371,17.3313189506531,6.52607231140137
1970,12,11.9069547879048,12.0019352507643,12.3485717158164,1.76194315617564,16.4585000007383,6.39325671042165
1971,1,11.2878736688217,11.3862035886293,11.6154159115207,1.51200716133791,14.4421670052313,6.93534000458256
1971,2,8.93023487254758,9.08027843357268,9.07198575564793,1.46760985148034,13.7847018241882,5.69074717589787
1971,3,9.22273513540226,9.32808267433413,9.42141997429632,1.11217601318384,12.5629338295229,5.77391581381521
1971,4,8.99524655715992,8.9747140484492,8.98972698847453,1.15730392344583,11.842368666331,5.39363664786021
1971,5,9.47244992825691,9.57083711927681,9.61825127755442,1.28252655505657,12.713493839387,5.63083576386975
1971,6,10.0129982201269,10.0430567047119,10.2767979303996,1.24802151334926,13.2292899767558,6.04287832578023
1971,7,9.85337449963011,9.94587653592838,10.1967871573664,1.28803348363828,12.4192493192611,5.12571994719967
1971,8,10.3886465435143,10.4688958809555,10.6535735284128,1.41371906847333,13.880882324711,5.98756064138105
1971,9,10.51307265993,10.6506028618283,10.891120783488,1.54297846394891,14.0833697001139,5.52155699729919
1971,10,11.1911120034405,11.2958806696246,11.8046942064839,1.67177300328099,14.3018208780596,5.86355970751855
1971,11,11.465043078484,11.5825678095924,12.1037206967672,1.77818880545062,15.2841787338257,6.10466734568278
1971,12,11.7863023340561,11.8793666942555,12.0366107263873,2.02382843332152,15.7835321734028,5.84397225226125
1972,1,12.6506539667337,12.5580620200865,12.9672974001977,1.92576091676012,16.6375638592628,6.72435614370531
1972,2,11.0796553827843,11.0590644528181,11.0677307063136,1.35500504690011,13.9813003211186,5.90763693842395
1972,3,10.8917400952033,10.8730534235226,10.8925241654919,1.19758694399083,13.3844170724192,6.18140514435307
1972,4,10.5780677869514,10.4698688846588,10.5698473612467,1.35145779425206,13.2709263165792,5.97994535764058
1972,5,10.777080605776,10.8180478857307,10.8243755217521,1.34105840996424,13.9861683384065,5.84475223479732
1972,6,11.6861244934081,11.6312758358002,11.8038889884949,1.35921710465207,14.218939781189,6.68451766967773
1972,7,12.2189014740991,12.2903415546212,12.6188789183094,1.44580383280154,15.5070344863399,6.85953223320746
1972,8,12.4979992726098,12.5730286995262,13.0264051806542,1.64300715863006,15.4461404123614,6.89780161457677
1972,9,12.3063889306605,12.5331073520237,12.824433294932,1.85607957833291,15.3048820495605,6.74237699508667
1972,10,12.0477300961357,12.2488051197503,12.7115048439272,1.65359233427287,14.8935942188386,6.81272191386069
1972,11,12.611050237261,12.8192352063497,13.1735777219137,1.82251382451295,16.7277784029643,7.23641934394836
1972,12,12.6563212833596,12.7911416125554,12.9476532167004,1.65570100670606,16.7710474383446,7.29420291223834
1973,1,10.7355963833069,10.9378813645558,11.3592967987061,1.49737237346588,14.6718227940221,6.57724222060173
1973,2,9.27704981376537,9.27861020297096,9.30482392651694,1.18077147833959,13.255640234266,5.79038427557264
1973,3,9.47420207580992,9.40398690190879,9.61950422102405,1.2535620710563,12.6923145786408,5.8207844918774
1973,4,9.98026323823444,9.88006691339281,9.99077202479045,1.21730504184658,12.6118685722351,5.95346201260885
1973,5,10.1163147641029,10.2097900260187,10.363790604376,1.20502323784718,12.7220195954846,5.58834225131619
1973,6,10.1568933215946,10.229163105011,10.44399766922,1.32483655261656,13.5289812723796,5.6771376768748
1973,7,10.0567731332181,10.1394278696532,10.443057429406,1.39822967216375,12.5145696209323,4.76290612066946
1973,8,10.5842982435668,10.6541684973522,11.0533921949325,1.62182273722566,13.5801489430089,5.31915999997047
1973,9,11.3682633934252,11.4796088194529,11.839226881663,1.91879702134968,14.6151499112447,5.57667266527812
1973,10,12.6016486301319,12.7250653196766,13.4187981082547,2.06425254066966,16.0066939015542,6.2554138552758
1973,11,12.8307942867138,12.9832994063907,13.5020773569743,1.80651004568143,17.3082320213318,7.26487072308858
1973,12,12.4802295956846,12.7790000025431,12.5392948888963,1.84356978524212,17.8065219386931,8.16349135675738
1974,1,11.5113043935081,11.5955048969228,11.817531616457,1.43319447449508,14.8173312833232,7.21555291452716
1974,2,9.89452366827972,9.97556912985302,10.0270567621504,1.2635846162655,12.9961025033678,5.7931821346283
1974,3,10.4590066431384,10.4869238035551,10.6684055020732,1.10672337952977,12.9512319257182,6.08961354532549
1974,4,11.0774893744766,10.8899140539381,10.9125197092692,1.3113253772362,13.6476086298625,6.37745302518209
1974,5,11.511921700556,11.4172868201963,11.5506519502209,1.38949914837975,14.7735161012219,6.10558511364845
1974,6,12.1228720209639,12.0517549706353,12.3695339838664,1.50283786257634,14.4000106811523,6.90556165377299
1974,7,12.5358140587356,12.5861899239325,13.1422619665823,1.75470633926566,15.4879638917985,6.60797743643484
1974,8,11.7038103095128,11.8176605551935,12.3057389720794,1.62751340560287,14.5832849010344,6.30148772270449
1974,9,11.8481536347978,12.0448567534553,12.6150826454163,1.76974774843828,15.4643420219421,6.40497264862061
1974,10,11.3139196966723,11.4460679733933,11.8436042108843,1.68980613142869,15.1818880573396,6.04617772563811
1974,11,11.1091473869613,11.2472436949412,11.5912373860677,1.7408801908318,15.4570292790731,5.67029067675273
1974,12,11.8010777612682,11.9436844256411,12.3062331907211,1.85496148730285,16.6165450311476,6.25245129677557
1975,1,11.7914761274121,12.0940752709502,12.2770828739289,1.84829088688442,16.0549504372381,6.90452483392531
1975,2,10.0170677205458,10.2591766284307,10.2062796183995,1.60226810788566,14.714711359569,6.42025998660496
1975,3,10.1597043324013,10.2184550618818,10.381877099314,1.09988943615541,12.8883251990041,5.93977289815103
1975,4,10.1982130133794,10.1169772678799,10.2526767730713,1.13727094178727,12.2709620157878,5.63264702161153
1975,5,10.2923909232659,10.2895887359701,10.4495277712422,1.25189088647036,12.7916632929156,5.66405934672202
1975,6,10.2953286835353,10.3796017411974,10.6079803466797,1.3162398046523,12.6925837198893,5.6652103583018
1975,7,10.5103919696122,10.5935205498972,11.0206861495972,1.49832154462475,13.0218983927081,4.94977712631226
1975,8,11.0288419521805,11.0888106046697,11.2846883343112,1.62616609890546,14.3295928893551,5.32758712768555
1975,9,11.0462504637638,11.0923480880313,11.3140846888224,1.60835358852787,15.8807508150736,5.50934996604919
1975,10,12.1150771153122,12.1104896419484,12.4570381103023,1.8633432972224,15.3083703748641,5.62800064394551
1975,11,13.2864164322702,13.3413145241208,13.9112717310588,2.44747343381872,17.6960964202881,5.4783266544342
1975,12,14.1827303237542,14.3795830723342,15.2090287362376,2.52743315409071,18.0792915590348,6.58724772545599
1976,1,13.1151679011393,13.2876604051487,13.7291342212308,1.86153744022365,15.916463821165,6.49853098777033
1976,2,12.1686837919767,12.2826244337586,12.5011090574593,1.62115978125632,15.0397682847648,5.9853096337154
1976,3,12.327034330521,12.2808768671507,12.6836164843652,1.51835584048539,14.9261974519299,5.99394586009364
1976,4,11.8725711884318,11.7997391172621,12.1489309946696,1.58375163506783,14.3171683311462,5.89066036542257
1976,5,11.4569285514883,11.4785228242361,11.7897232117191,1.51748529575475,14.2639251832039,5.84063128502138
1976,6,11.7202335211659,11.9475796964857,12.3169640541077,1.76411907437219,14.5665347099304,6.7293076356252
1976,7,12.3750583414744,12.6240017863858,12.7899064402426,1.858165295363,15.5113412795528,6.10515452969459
1976,8,11.8179949252477,12.181299358491,12.2326199931483,1.83845412494209,16.2699699094219,6.806717441928
1976,9,11.2931303157477,11.4364325438182,11.6478183746338,1.3921249477999,14.7826736768087,6.87278267542521
1976,10,11.395683723374,11.4195088152732,11.6695166864703,1.34949954268211,13.7044574676021,5.70951943243704
1976,11,11.6144923651728,11.6683414633009,12.0282477378845,1.62824921785007,14.6963170051575,5.78752435048421
1976,12,12.0101348052127,12.1342331520819,12.4286457800096,1.78472974697694,15.4960145950317,6.29201935183617
1977,1,10.9295487169206,10.9639492021376,11.2137084161082,1.32431508199506,13.4465144372755,6.15094261784707
1977,2,9.62050175150589,9.59742114114761,9.78482757295881,1.25622770975417,12.8154063905988,5.04505138737815
1977,3,9.76212280329554,9.90921548712125,10.0974835426577,1.17239648621203,12.6120025880875,5.92453613588887
1977,4,9.79221519586264,9.82355666703118,9.97229563395182,1.06617230305991,12.3430719057719,5.96626564661662
1977,5,9.98130666642532,10.08023307587,10.2036788079046,1.39734435150719,13.9772989519181,5.66395644218691
1977,6,10.6708020765579,10.784883072408,11.0811387062073,1.37914325879012,14.0850330034892,6.14873563448588
1977,7,10.6647754524036,10.7794935094362,11.1882347906789,1.51308970804573,13.4065720342821,5.11866837163125
1977,8,10.1777499703436,10.3033669781018,10.5621809497956,1.58374888549688,13.6258204060216,4.77021288102673
1977,9,10.0464161549926,10.1505769161648,10.4716437021891,1.60666309973765,14.6827307383219,4.50890067418416
1977,10,10.8777730727302,10.9398632062686,11.3113670964395,1.66505271128273,13.739815127465,4.35123449756253
1977,11,13.2684064956354,13.3528032230377,14.0391214052836,2.34218488685346,16.863122177124,5.34008630116781
1977,12,13.5561347261658,13.7120270768032,14.4298407031644,2.2142804950858,17.4203763161936,6.44461161090482
1978,1,12.7230000272418,12.884417633877,13.2362168527419,1.91016264362572,15.5833894052813,6.41629229822466
1978,2,11.8693696860116,11.9829440246764,12.319963148662,1.57532969965937,16.0529109750475,6.83931393282754
1978,3,11.5402109662858,11.5986815251176,11.9560186939855,1.30346355407321,13.5400345094742,6.07059809469408
1978,4,10.8531875828349,10.8578145250956,11.1184392929077,1.25662914232729,13.2231969833374,5.23686000506083
1978,5,11.5078924662501,11.491153350748,11.7044493459886,1.50017987383383,15.8448333740234,6.12438389562791
1978,6,11.9683678209662,12.0126598964691,12.4198893229167,1.55947604918097,15.78327293396,6.75964298248291
1978,7,12.2151364323367,12.4665828726984,12.6892268580775,1.69877784423303,15.5196206492762,6.76145902756722
1978,8,11.454812077608,11.6598640716307,12.0495412580429,1.58268992831004,14.8314071470691,6.14015643827377
1978,9,11.4424791336336,11.5726997248756,11.9936272939046,1.72082481720808,15.4290919621785,5.4056843439738
1978,10,12.0954955110177,12.1249700440027,12.5927337831067,2.00048650471889,15.5318386939264,4.87117352024201
1978,11,12.858521667282,12.9844732779185,13.6685333887736,2.29508595693166,17.0174700101217,5.43524872461955
1978,12,12.0462678267105,12.2266096742692,12.9669974542433,2.30685984645479,15.877518715397,5.03751867048202
1979,1,10.7578703776847,10.9464558738791,11.4326981575258,1.65923824567947,13.7636328974078,5.19145254934988
1979,2,10.0248860358659,10.0371067464692,10.2342889990125,1.35485436284252,12.7383153438568,4.86214751856668
1979,3,10.6292114531404,10.5934067244171,10.8092241902505,1.45990521364948,13.7729622317899,5.36151962895547
1979,4,10.3081591333184,10.4527188457489,10.7722726504008,1.6460489578374,14.4245056152344,6.18972835540771
1979,5,10.1547463031637,10.3992331417863,10.7972758200861,1.92592980735537,14.4999526546847,5.87743937584662
1979,6,9.59401308571019,9.8026355404324,9.99432064692179,1.50873001064213,13.6024890581767,5.90967466036479
1979,7,10.003963353944,10.0863882983218,10.3095816643007,1.27950973007282,13.0165634770547,5.71441259691792
1979,8,11.0189021204137,10.9823329959172,11.0691754741053,1.4486308155328,14.9443186175439,6.02753805345105
1979,9,11.3627742852683,11.4512627990299,11.6733970324198,1.51203299159185,16.0263743718465,6.40720998446147
1979,10,11.0549062588033,11.2804771798657,11.5007783828243,1.54295532960647,14.6254558870869,6.07165162794052
1979,11,11.3396995407318,11.5141720075819,11.8334819793701,1.58760397218676,15.2056535720825,6.13495103518168
1979,12,11.642742113908,11.79478278962,12.1581567641227,1.47578754693565,15.1131948348015,6.86000417893933
1980,1,10.7084017177196,10.8413594509248,10.9662123341714,1.26549258771253,13.0144491195679,6.25469352353004
1980,2,9.85468657315032,9.91682708470575,10.050929266831,1.24160209791141,12.8548237701942,5.95347656052688
1980,3,10.0824031794704,10.1393184423754,10.2466277460898,1.10711119158309,12.5683201205346,6.45278256939303
1980,4,9.86289348403097,9.87431006817288,10.016708723704,1.13809085150705,12.4810222943624,6.39698066711426
1980,5,10.3404366209535,10.3417712082812,10.3237100108977,1.23513769810046,13.0761470487041,6.88713962801041
1980,6,11.1801543083076,11.2103813332028,11.389274374644,1.26897959943226,13.9213617324829,5.72556665738424
1980,7,11.4439253927709,11.4917840649184,11.8985268069852,1.45019961444991,13.965623640245,4.79394488180837
1980,8,11.5628509770979,11.6054590887254,11.9859893552719,1.43019422953292,14.4872776769823,5.98155776916012
1980,9,11.5311260664087,11.6536828064389,11.9804533322652,1.37237658689044,14.35590356191,6.34517599741618
1980,10,11.4639569181193,11.5646515149763,11.7951651850054,1.29396228794885,14.2205797318489,6.49768772432881
1980,11,11.9022794541594,11.9772568403032,12.2612257321676,1.48987429338991,15.1628332455953,6.44377160072327
1980,12,12.0166008546311,12.1506504083449,12.4828006067584,1.78816756793419,16.1442148147091,6.34808321922056
1981,1,10.5484684632781,10.6134264231036,10.7540684669249,1.31462174915,13.9844844879643,6.40341937157416
1981,2,8.88108431185974,8.94199764699028,9.18972284453256,1.30870275494118,11.813744034086,3.79129643099649
1981,3,9.20509171613878,9.21505689239502,9.38542193751181,1.10048643734447,11.7230061869467,5.5047051675858
1981,4,10.0477997552481,10.1310781765832,10.3434296607971,1.1572864170415,12.558323987325,5.61361428896586
1981,5,10.0392129210251,10.132102490702,10.3509654998779,1.27227243737809,13.3562639297978,6.04653326157601
1981,6,9.98482497018883,10.0640326042599,10.2466873486837,1.16041082803942,12.5983946164449,6.30966270764669
1981,7,10.4116751639819,10.5099178115476,10.8567184325187,1.35113293759974,13.1959081157561,4.07871260950642
1981,8,11.1075053682995,11.1729674511161,11.4716806411743,1.31247271418407,14.3705793811429,6.06795744742117
1981,9,10.9669680667546,11.0740629110124,11.3879135767619,1.28937996852,13.9676533699036,6.50059401194255
1981,10,11.0851237655301,11.1376501622764,11.3347403003323,1.20915630517612,13.9103561216785,6.21144548539192
1981,11,11.8169296738172,11.8845635364532,12.1715799967448,1.41033579998869,15.2332933743795,6.33701667785644
1981,12,12.001125551715,12.1557723096622,12.4954741385675,1.51313115820925,15.5503823064989,7.04168227411086
1982,1,10.5029372849709,10.6144859761064,10.8399526226905,1.19436396550288,13.2426374496952,6.23061353929581
1982,2,9.21853087333454,9.29931053075336,9.37228502546038,1.31005661809895,13.0177522046225,5.58663247312818
1982,3,9.9505325203934,9.95143509801229,10.091666775365,1.14525314739038,12.2877352006974,5.35357999801636
1982,4,9.84911641338365,9.81870360298157,10.0152846018473,1.17751618306609,11.9282620747884,5.20078167915344
1982,5,10.2573352154527,10.3520009873093,10.6166593182471,1.48868355883934,13.6705951998311,5.62436489905081
1982,6,10.5953157472459,10.7676892099169,11.2012990315755,1.55225924224687,13.4781723340352,6.03783003489176
1982,7,11.1995579733281,11.3291918233236,11.6633999732233,1.53156683821343,14.3270281822451,5.55210095067178
1982,8,11.8281072464575,11.9337268031131,12.3122158973448,1.61314106978257,15.5790835042154,5.82471869068761
1982,9,12.3562559129951,12.4604042712318,12.9181126912435,1.70276220732037,15.8100863138835,6.07668461799622
1982,10,12.4351785441074,12.7432689197089,13.2434935415945,1.97702999480729,15.7808616699711,6.68166228263609
1982,11,11.5740236063182,11.8535883614858,12.2532362937927,1.98777948547931,15.9109313011169,6.1480269908905
1982,12,12.5022373126759,12.7663145791331,13.12453574519,2.18309712032442,18.29001069838,6.18489583846061
1983,1,11.436163766145,11.6713090828926,12.0163858475224,1.75968931648047,15.7973154744794,5.66022679113573
1983,2,10.6080172804351,10.7612356679099,11.0606689453125,1.52730514077975,14.4150885854449,5.95429144586836
1983,3,10.2552220965536,10.399191471428,10.6267570372551,1.27965746208696,13.1045257506832,6.3894703003668
1983,4,10.9571414387397,10.8894525930617,11.117502562205,1.28360304236422,13.0482219696045,6.01761798858643
1983,5,11.5707299097566,11.5411070301507,11.7109622032412,1.46975693064501,14.3744482840261,6.21830165001654
1983,6,11.2849278657265,11.3359423492008,11.7714449564616,1.49445955939105,13.9136626879374,5.82955396970113
1983,7,10.6778269542709,10.7698395017398,11.1730451583862,1.61425051645953,13.3273131462835,4.71544293434389
1983,8,11.4362032862289,11.5812952895216,11.9682155732186,1.66340846654436,14.6283048814343,5.55896102228472
1983,9,11.4025744423601,11.7332469557444,12.0323959986369,1.8302069034183,15.5201385815938,6.31544302304586
1983,10,11.8613181731154,12.1678789974746,12.2372957967943,1.92957851407689,17.2510984482304,6.5066097013412
1983,11,12.3348580357377,12.5785090914832,12.9510663032532,2.11580973101624,17.4034602483114,6.1677373568217
1983,12,12.8114159474805,13.1206087849115,13.8138622468518,2.23916297833791,18.0150190784085,7.08130384260608
1984,1,11.3815057953431,11.6862366032344,11.85177089322,1.95166039136917,15.1014661173667,6.77050899690197
1984,2,10.6440253105879,10.8658107533948,11.0554168635401,1.53810683653372,13.6495258397069,5.75244273810551
1984,3,10.6523496730809,10.7526215660752,10.9235835229197,1.4540652763359,13.2443771977578,5.82708837139991
1984,4,9.29928804044749,9.32836343947517,9.46288754145304,1.1964436742869,12.277122370402,5.24926331837972
1984,5,9.40824446986133,9.44525739066832,9.50163096766318,1.15915695570439,12.44033967295,6.17928321899906
1984,6,9.85775960162044,9.88352017945184,10.0568856875102,1.11892385197317,12.0810657501221,5.35391532580058
1984,7,10.3040254168345,10.3502701998475,10.7002171854819,1.25566714076432,12.7634299801242,5.65628291714576
1984,8,10.6187762553962,10.6779073058508,11.0188094108335,1.36952031274753,13.7414086557204,4.98200035095215
1984,9,10.6509078029637,10.7275668948279,11.0138619105021,1.36937284251132,13.7166606903076,5.6850289662679
1984,10,11.0132157445044,11.0817714447514,11.3434806331511,1.30046039810474,13.8316247386317,5.77848291397095
1984,11,11.4804845446374,11.5964288914575,11.9534806569417,1.4980271704209,15.0319193204244,6.25520264307658
1984,12,12.2139835039972,12.3458625097788,12.7066567021032,1.5048619054444,15.5974857576432,7.41399741941883
1985,1,11.1699605207336,11.2630964014607,11.4415377647646,1.26910507522731,13.6334238975279,6.28310706538539
1985,2,10.860946664233,10.8657722390039,11.0457853589739,1.32193144756671,13.4151292528425,6.35302645819528
1985,3,11.0415250508741,11.0256599394275,11.1909910017444,1.27004907654157,14.1469457380233,6.25304129815871
1985,4,11.0413203290609,11.0415142195808,11.2531812985738,1.32527514476311,13.872314008077,5.99908299446106
1985,5,10.9542388475336,11.1447178432095,11.4525454121251,1.43864861156638,13.5640096972066,6.3846116065979
1985,6,11.3920694389427,11.5453375619676,11.6733083407084,1.5152708455645,14.2486563046773,6.12235264778137
1985,7,11.5399897329869,11.6722367840839,12.0519683284144,1.50965636723155,14.4200445298226,6.32494543444726
1985,8,11.1671246179613,11.3483093406513,11.6934655097223,1.5744219009825,15.0476721486738,6.31438098415252
1985,9,11.3224908844168,11.4510380926768,11.8445683479309,1.60605924577254,14.8695276260376,5.94134194056193
1985,10,12.4116838800643,12.3443369248093,12.5643281936646,1.65745703755993,15.796408191804,5.94614158138152
1985,11,13.5729437683061,13.7505165397644,14.3627609888713,2.18071761052861,17.5796182632446,7.10681732495626
1985,12,14.1021703921396,14.4752730945054,14.6527102993381,2.52119317250249,21.0165493872858,6.73560224040862
1986,1,12.453697657669,12.6460613772895,12.9764947583598,1.5157362481301,15.3672325995661,7.07295902313725
1986,2,11.573335016148,11.6887044930685,11.9269507612501,1.3702409055975,14.24001288414,6.92878179890769
1986,3,12.1050448460262,12.1284254003545,12.362719105136,1.46894519334176,14.9605974997244,6.25757389683877
1986,4,12.4135778116705,12.3288898471408,12.4994603792826,1.43222443804859,15.1362186749776,6.1109779993693
1986,5,11.6777063277335,11.7476294331294,12.164172510947,1.46180562763891,13.809600645496,6.18965971854425
1986,6,11.4183055043974,11.5917967945523,11.847302309672,1.6115875966971,14.5399136225382,5.8708040078481
1986,7,11.2317082828086,11.428417350646,11.6560585883356,1.62760082641952,14.168809306237,6.02308157951601
1986,8,11.1281953495254,11.3061256522722,11.696983860385,1.51447678205732,14.9548520118959,6.05717291370515
1986,9,12.8237292547891,12.9189074164073,13.3772910118103,1.71797205683587,15.7958410263062,6.50432197252909
1986,10,14.3638370722454,14.4265973312214,15.066066188197,2.15793957180942,17.7520782716813,6.597038069079
1986,11,13.2101003811025,13.3890247876909,14.1977650006612,2.16593103209907,17.8243764241536,6.71062828699748
1986,12,12.8054210417319,13.1321115797309,13.2501358216809,2.53589758191273,21.8898727663102,5.88386001894551
1987,1,11.7035860490106,11.9378808467414,12.2553003987958,1.83952859747527,16.1355571131552,5.66356965034239
1987,2,10.8448203763808,10.8650917665164,11.2340567452567,1.49822904657828,13.7892618179321,5.30138284819467
1987,3,10.1637328099404,10.0454503814943,10.1525757697321,1.52685371003,14.4307693358391,4.20004583174182
1987,4,11.0012922013534,10.8134908839332,10.8651389757792,1.50497064142543,14.2373046875,5.59664764404297
1987,5,11.7529844933838,11.8309106967065,12.1367635111655,1.43233466950998,13.93703516068,6.34966259617959
1987,6,11.8110241158603,11.9596912657844,12.2135833422343,1.61722320567871,14.7434366544088,6.04945265452067
1987,7,11.8956227866396,11.9435405187709,12.2927538964056,1.59065121441871,14.7929423239923,5.90109580562961
1987,8,12.4533228680574,12.6029781174198,12.9780325428132,1.77870786223791,15.6889829020346,6.54924515754946
1987,9,12.4352893853775,12.7766192827437,13.0309904098511,2.0786852941536,15.7834569295247,6.48044932683309
1987,10,12.8838977910591,13.1378848920432,13.3035513354886,1.99164026519988,16.7379458950412,6.57536643551242
1987,11,12.7572694154262,13.0522715588464,13.1847476005554,1.92555012324011,17.1895700772603,7.36051799456278
1987,12,12.8545783269305,13.0904118564565,13.0977119322746,2.27115045908069,20.8294049539874,6.79581259142968
1988,1,11.8089328456301,11.9115337822617,12.3234722998834,1.83996231907351,14.8063590757308,6.11235677042315
1988,2,11.4962471665402,11.4393163647268,11.568824833837,1.49601194655785,14.397258659889,5.80908619124314
1988,3,11.5687646065329,11.4889424150118,11.7425958264259,1.49409550478398,14.9120287741384,5.81422156672324
1988,4,10.5076489653296,10.6171746381548,10.8912399609884,1.41886592832502,13.1477747281392,6.27913568814596
1988,5,10.1493533612546,10.4221124051002,10.648601870383,1.61228262183087,13.8681110259025,6.30436935732442
1988,6,10.571179652396,10.7410070162455,10.9916000366211,1.42534343148619,14.0042970021566,5.90946499506633
1988,7,10.2857035162329,10.4468565212783,10.7714277082874,1.49963095469829,13.8640445586174,5.6359577486592
1988,8,10.2957085617143,10.4572894831422,10.7056277798068,1.49384955407318,14.531771967488,5.38218775103169
1988,9,10.9808001708008,11.1518584205204,11.4399180094401,1.60766973434882,14.8534262975057,5.76263298988342
1988,10,12.2875116355333,12.4273515549937,12.5805900019984,1.77396714912236,16.6245279312134,6.04759516254548
1988,11,11.984377934806,12.1450897665236,12.4452733357747,1.75250279488834,15.7970516522725,6.27770201365153
1988,12,12.4452968070952,12.6579709733122,12.8766150936004,2.2339273734556,19.2866036815028,5.840880978492
1989,1,11.5182276382718,11.5650458602085,11.7687115823069,1.58738759430917,14.6982654756115,5.26354029870802
1989,2,11.1636922668086,11.3946124589557,11.7580053125109,2.1077437312508,15.0193718160902,6.48169216087886
1989,3,9.97536211128391,10.0475525233361,9.9769086991587,1.39758962648772,13.0738518930251,5.92397577531876
1989,4,10.672580819869,10.7129750221676,10.8000880877177,1.37503077798704,13.198103650411,5.68994900385539
1989,5,10.6427117634338,10.7986874451176,11.1169764303392,1.53807177197231,13.8150712905392,5.92065191268921
1989,6,11.0819488029549,11.2646966034783,11.3231693267822,1.54771855323237,14.5522133191427,5.70359497070312
1989,7,11.3020101440654,11.4589688014779,11.7849422270252,1.55210272174401,14.7275564747472,5.8029516589257
1989,8,11.3700825470351,11.5046174963674,11.7977384136569,1.53440256771676,15.3949554504887,5.94912159827448
1989,9,11.7330302032515,11.8424625634935,12.2746516227722,1.6233436663796,14.1684693018595,5.92692432403564
1989,10,12.5550239643648,12.5791505583486,12.9971506364884,1.8780198161376,16.1137268312516,5.51361546977874
1989,11,12.9744818242876,13.0903493310293,13.7976566632589,1.90779251694874,16.1950970331828,6.79878400166829
1989,12,12.5249775643247,12.6947675496583,12.8668341790476,2.27445377244593,20.9918570364675,6.00574842576058
1990,1,11.5125716208075,11.5744331629353,11.8792080110119,1.72438929973146,14.7514439859698,5.75606709141885
1990,2,11.1480642303819,11.321486334937,11.6035603455135,1.93960642946941,14.546808889934,5.81291789667947
1990,3,11.1184083520851,11.2852446317775,11.4602003712808,1.57038297890855,13.7563341817548,5.98740646916051
1990,4,10.9494614078766,11.1162995051066,11.5570682207743,1.46102181330469,13.6059817314148,6.0551790078481
1990,5,10.9612817060375,11.1608147511636,11.6343538838048,1.55228119656009,13.8475487001481,5.79119099340131
1990,6,11.0953588025833,11.2723261951447,11.4719130833944,1.55587405936835,14.4700413386027,5.71324467658997
1990,7,11.2470395356877,11.4109473608694,11.6805490678357,1.50037436488896,14.3243590324156,6.06648868130099
1990,8,11.3159656090332,11.5334375432332,11.7081622462119,1.66127387928664,16.0520662184685,6.36274546961631
1990,9,11.2093096916243,11.4024868560367,11.6570010185242,1.53193626230211,15.0834989865621,6.07503306070964
1990,10,11.730276665062,11.8814690166596,11.9242274069017,1.5601349354403,15.3286244792323,6.33859642090336
1990,11,10.8629136798168,10.97852860171,11.0064367294312,1.41999179579328,14.7103799819946,6.8317126750946
1990,12,11.1076585945416,11.2888856046943,11.2767270611178,1.95190615543593,18.0898564861667,5.95952321637061
1991,1,10.6801007111875,10.8395722799814,11.1508783217399,1.35811503467807,13.3269106341947,5.72547680331815
1991,2,10.3983221436792,10.4782217023486,10.7528145313263,1.26301988974826,12.8167028427124,5.64412822042193
1991,3,11.1201515912232,11.0766222409894,11.1732732096026,1.40373281785678,14.941460609436,5.7776354974316
1991,4,11.3474999454245,11.3828945277744,11.6449943224589,1.42794684134987,14.1786023457845,5.6285190264384
1991,5,11.253382589826,11.4012952192573,11.7619484316918,1.48126874719755,14.106531973808,6.05112061962005
1991,6,11.8989663322784,12.0031943261464,12.135015296936,1.52544835758577,14.9793369928996,6.3142583211263
1991,7,11.9574797780849,12.1456048598341,12.4253052126977,1.62079333830821,15.2838171066776,6.93534157353063
1991,8,11.2592176418363,11.413677857963,11.7258581038444,1.51688472624364,15.2702900363553,6.15395678243329
1991,9,11.7178201651482,11.870519257821,12.2744369188944,1.64299316848706,15.6151566505432,6.26104534467061
1991,10,12.3116909598051,12.327693833546,12.5641725909325,1.69002301086513,15.6946462200534,5.95363641554309
1991,11,13.7497741542791,13.9182148760478,14.5958972930908,2.25748357831292,17.6783136367798,6.80321539243062
1991,12,12.5325724488782,12.7692206788832,12.971733954645,2.22608828696217,19.4290729030486,6.02926872622582
1992,1,11.8735082497853,11.9829988098965,12.4797586933259,1.76650830607353,14.6030061475692,5.12107641466202
1992,2,11.0967991947417,11.0748952422745,11.3119600887956,1.52648994847346,13.6498475568048,5.27514830951033
1992,3,11.2763227617924,11.231581013136,11.4044334657731,1.41090705602016,14.3862548028269,5.72506416997602
1992,4,10.8920807531443,10.9559521209293,11.2861793518066,1.39264285676823,13.5461536407471,5.85750196774801
1992,5,10.5798077062262,10.6889738757226,10.8614790824152,1.25051763553354,13.3139951459823,5.99510640482749
1992,6,10.9403887986032,11.0851727689107,11.2064443588257,1.4860084030212,13.6915870348612,5.62216998736064
1992,7,11.2473002695172,11.4159439362147,11.6143184169646,1.51365728978677,13.8349790265483,5.83878903235159
1992,8,11.2209597794859,11.3570514700285,11.5551303125197,1.50231107077123,14.8404206921977,5.90593419536467
1992,9,11.0508660500893,11.210135760159,11.5394293149312,1.58995903405763,14.2659906069438,5.61568129857381
1992,10,10.8485125320816,10.9263501108231,11.0749264686338,1.56317439536809,14.9158309198195,5.07005869957709
1992,11,10.6934534882901,10.8247395119985,11.0976499875387,1.71540178123548,15.783785311381,5.43204434712728
1992,12,11.88896888855,12.1166992673156,12.3246625469577,2.19770451529541,19.0305503106886,5.50236737343573
1993,1,10.5190886598701,10.7247238925811,11.1038942029399,1.51804373569169,12.8919874621976,5.21751391503119
1993,2,10.1253657083312,10.1820174057824,10.5119743687766,1.46684749770337,12.5343317304339,4.60138499736786
1993,3,9.85428384102767,9.83737070977816,10.2258168189756,1.580944863334,12.4299296409853,4.3002715879871
1993,4,9.97838918101523,9.89381813316345,10.2293827374776,1.44175604169187,12.3328409512838,5.12778703371684
1993,5,10.6592386199511,10.6746981086731,11.0872648300663,1.34773793283426,12.4047445481823,5.15685353740569
1993,6,10.9104238687279,11.033643529341,11.5818417867025,1.5069715015407,13.5922554334005,5.05966931978861
1993,7,11.1830009446769,11.2617155860163,11.7573342169485,1.57237521496183,13.4283232227448,4.92693647261589
1993,8,11.0876093513045,11.2090525565199,11.6648565415413,1.60442343579074,13.0628091135333,4.92322772549045
1993,9,11.2092965680935,11.2498022878859,11.7350449244181,1.78211125758345,13.7379856109619,4.94394469261169
1993,10,11.4504650602592,11.4779477204764,11.7974061965942,1.77589920923324,14.7116116246869,4.98198809162263
1993,11,11.2647495693354,11.4004673171997,11.8088510195414,1.7652558150271,14.9692005475362,4.47705829938253
1993,12,11.9655884622996,12.0602808888343,12.6366915549001,1.68560804722268,14.7639467485489,4.96589835997551
1994,1,11.2979433263557,11.4825154491548,11.8016577074605,1.72228606735516,14.8038993650867,5.54571031755017
1994,2,10.6686928565925,10.6213262140183,10.9690713882446,1.40897530717594,13.2543493679592,5.00310431207929
1994,3,10.8815165475227,10.9103312665878,11.4842726492113,1.56734444413892,12.8590484126922,4.49562129666728
1994,4,11.1181086189783,11.1967554758708,11.7812856992086,1.66307730166074,12.992187722524,4.28405968348185
1994,5,10.9621427151181,11.1763315843151,11.6404732427289,1.66641222889606,13.2562691165555,4.14905741906935
1994,6,11.1312702886068,11.250331382264,11.5653366406759,1.58663303370619,13.8434576352437,4.3550586938858
1994,7,11.5633773669765,11.4906448553557,11.690350409477,1.6469990934764,14.2983954029699,4.63887452310131
1994,8,11.8049808240797,11.7466183165273,12.1300538586032,1.62583333360261,14.0737239160845,5.66807548461422
1994,9,12.1255023398104,12.1928840936873,12.7688900947571,1.82973643365329,15.1372236569722,5.50011396408081
1994,10,11.8813782580381,12.0147065751271,12.4813429309476,1.81723848940117,16.4882374732725,5.28226646300285
1994,11,12.0075805804223,12.1161161086612,12.5255469957987,1.73819086448984,16.8090522766113,4.87841367721558
1994,12,11.9708438673153,12.2149675800365,12.8486986775552,1.98739797576356,14.4251083250969,4.89378806083433
1995,1,11.5083418709811,11.8005175855903,12.3902597427368,2.10452107872734,14.5278622719549,4.0710877526191
1995,2,11.8091986229948,11.997328587146,12.6420267309461,1.97368234747937,14.1145282132285,4.28096677575793
1995,3,11.4524917034745,11.5399225997515,11.9751761344171,1.54887837109093,13.6507248724661,5.88483261292981
1995,4,11.7513503349015,11.8356193083445,12.3319129625956,1.71412396231289,13.908059724172,5.44952569007873
1995,5,11.899849790223,12.051365384871,12.6078903444352,1.73749491368059,14.5074490270307,5.26877550924978
1995,6,11.5923339476638,11.7409203362783,12.3652146975199,1.81739544159298,13.6534377098083,4.56102196375529
1995,7,11.3585932645544,11.3515474116828,11.9438235682826,1.62386856641346,13.6309496048958,5.0549484222166
1995,8,11.9485986417051,12.0270808201041,12.39330808578,1.47642120631995,14.3211245075349,6.03621127528529
1995,9,11.9468828062342,12.0221161018372,12.4608226776123,1.63518681072042,14.594725672404,5.15361833572388
1995,10,12.1615910886852,12.2513268935091,12.8810449723274,1.69764043490943,14.1374460343392,5.43076418292138
1995,11,11.6321989201557,11.864952539995,12.347270711263,2.03952871491876,14.7712455749512,4.81334829330444
1995,12,11.6102821631928,11.9172276148232,12.2851661251437,2.13884184255016,14.6728635911019,4.72511294580275
1996,1,11.1273274489996,11.3100159986352,11.9068709957984,1.83112997667949,13.6899948735391,4.82451289699924
1996,2,10.5130804358592,10.6730473828371,11.1322845261672,1.79098038988399,13.1699176656789,4.93949245584422
1996,3,9.49669159208347,9.77369078326482,9.94942449754284,1.54335638080441,12.2279406516783,5.32663903697844
1996,4,9.44439563801817,9.52989396650526,9.92419792811076,1.39395652407612,11.3988286336263,4.95009633700053
1996,5,9.270117339108,9.4283575450528,9.77037808202928,1.49657752718471,12.0098847727622,4.78446414393763
1996,6,9.84754638924372,9.78956527735392,9.98384370803833,1.44555197285841,12.295559946696,5.18071697552999
1996,7,9.41850998453005,9.75591093354584,10.2540983692292,1.9296072698022,12.6341412451959,4.80093353025375
1996,8,9.30329670115226,9.4313990245532,9.59279512589978,1.38064119842287,12.2560570932204,4.6570431955399
1996,9,10.2179530150567,10.1258758711073,10.4283140500387,1.40116885045767,12.3123816172282,4.91479236284892
1996,10,10.4050419474917,10.4879691961145,10.9620639124224,1.40373655890307,12.0291883714737,4.93662354253954
1996,11,10.2118924682103,10.3951847285377,10.8267649650574,1.48971848413104,12.9980960528056,5.15757230122884
1996,12,10.2401217201019,10.3268636058684,10.5980396270752,1.35137051628809,12.315408706665,5.4018209211288
1997,1,10.9912445952525,11.0493883278549,11.3557173821234,1.46307932758752,13.1743289578346,5.57590678430373
1997,2,10.9369060529942,11.0875298088165,11.6891946452005,1.60346189262505,13.0981039660318,5.34136281694685
1997,3,10.5270991522541,10.8398505873321,11.3795574557397,1.82306728394258,13.669698315282,4.58899581047796
1997,4,10.2523090933397,10.5156772375743,10.8320873896281,1.64439124048433,13.1856263796488,4.81437400182088
1997,5,10.3440160263204,10.5120642654665,10.7690777009533,1.4690754452231,14.1908441974271,5.10173097733528
1997,6,11.0262664710413,10.9880178605821,11.1822939872742,1.27421633293237,13.1076449394226,5.67362866401672
1997,7,10.9460226634616,10.926719395012,11.200604807946,1.5281434796112,13.1343522840931,5.12023130539925
1997,8,11.1907539278675,11.2083211674844,11.6133960908459,1.62257941824717,13.8372876874862,4.70304453757501
1997,9,11.5043105654253,11.5873254499647,12.0314153353373,1.65921220625625,15.4631863594055,4.72445400555929
1997,10,11.8698148067059,11.9436640187335,12.5800811090777,1.74260423545653,14.719102274987,5.14614998909735
1997,11,10.9333502124461,11.2230747960409,11.4066893895467,1.91610677392635,14.8831130345662,4.74657368659973
1997,12,10.9621375163463,11.3427964327002,11.4426660845357,2.18179741232869,14.7806264815792,4.4799564884555
1998,1,10.715294406878,11.055968995084,11.3528357782672,2.08768811279836,15.3466652285668,4.9710960542002
1998,2,8.15695037465623,8.52117394118082,8.76177207061223,2.03540848388083,14.9721675259726,4.81235500744411
1998,3,6.59815115535848,6.99987330344416,6.9028577650747,1.87917012441168,12.1961861272012,4.10433128572279
1998,4,7.62170549055798,7.62824076288011,7.7522083123525,1.28184316894181,11.5843806584676,4.3111616452535
1998,5,8.69960098663153,8.6213170670335,8.71128745232859,1.55118289899595,11.332090931554,4.75228385002382
1998,6,8.9655400693876,9.22978454165989,9.40467599232992,1.62686560996363,11.9113437334696,4.61087630589803
1998,7,9.49006540968594,9.75761294535155,9.87095878970239,1.66405679550644,14.5698964826522,4.82103935364754
1998,8,10.3611053416519,10.522063569838,10.8696584393901,1.54719284498592,12.9705917604508,4.88275323375579
1998,9,10.6810163433275,10.8088967208015,11.0846342404683,1.61572216748124,15.7281583150228,5.22507999738057
1998,10,10.6062101909331,10.8009503294012,11.0519434405911,1.6820349842352,14.6841807211599,5.21464549341509
1998,11,10.0317925528073,10.2947316225264,10.5400126775106,1.85278984699799,15.0888333320618,4.32541833718618
1998,12,10.1107968756273,10.3098167246747,10.8824649318572,1.75548229976665,13.2228597825573,4.63369904795001
1999,1,11.2556880846853,11.406022677883,11.9182348251343,1.7177847869472,14.1178116336946,4.99021036394181
1999,2,12.1319471269897,12.3086175736019,13.0328121866499,1.85686319280904,14.1905457292284,4.88902609688895
1999,3,11.1417212376897,11.2701197997473,11.7414318515408,1.51475439016121,12.8670568466187,4.83053805751185
1999,4,10.407199612023,10.5833351284027,10.9895636240641,1.50847894579975,12.471492767334,4.9840322971344
1999,5,10.2349828411412,10.4062251917521,10.6866429236627,1.52508482129187,12.5062223249866,4.73324065054617
1999,6,10.6413402984959,10.7078635304133,10.9388273557027,1.50220318397187,12.605212020874,5.08442602157593
1999,7,12.3727811047286,12.3810726429519,12.9214232660109,1.68130893579872,14.5914921299104,5.23957229429676
1999,8,12.2984894392325,12.3857480549966,12.8307426206527,1.87626161120106,15.2216770725866,5.40522258512435
1999,9,12.9860023616774,12.952632841195,13.2733000437419,1.94660919982558,16.1069547017415,5.10823098818461
1999,10,13.1463455299954,13.1386219536976,13.6760780580582,2.14309573935449,16.2757115517893,4.84684096613238
1999,11,13.0491375503398,13.1194633447011,13.7803466478984,2.09793275606745,16.8119084358215,5.10715602238973
1999,12,12.6607994447739,12.9036687158974,13.4637868327479,2.17439016184698,16.0562378668016,5.08651547278127
2000,1,11.9223195081041,12.0626343509305,12.7226957813386,1.89500327165304,14.170455163525,4.55724096298218
2000,2,11.1843941446069,11.1172024790884,11.5401541611244,1.62661013013209,13.6701275397991,4.80664346958029
2000,3,11.0983250530867,11.1613268682418,11.4623711801344,1.45930682683274,12.8563305947088,5.61767905758273
2000,4,11.3137353705111,11.4036672634125,12.0125670433044,1.59579422128055,13.1291786829631,5.19360928535461
2000,5,11.4808488385493,11.5481981160974,12.0752623158116,1.56178038553291,13.3056271768385,4.46159741186327
2000,6,10.2278392098662,10.6143390699175,11.5256380081177,2.09921701620233,13.2469072977702,3.73963400522868
2000,7,9.52102203127353,9.71225763076864,10.2509554278466,1.69422629751847,12.1022677267751,4.10418905750398
2000,8,10.1685817628586,10.0759570945001,10.2276832211402,1.36722015896081,13.4571483981225,5.49538386252619
2000,9,11.1520318215517,11.2045817774455,11.5641643206278,1.52729081703683,13.9869443575541,5.6793176651001
2000,10,11.8307023035582,12.0180287926377,12.5344328418855,1.98497174925485,16.6220860327444,5.03628387758809
2000,11,11.1743674400161,11.4005193681505,11.5161896387736,1.87343274502466,17.1874806086222,5.24873830477397
2000,12,11.3192903881398,11.4389205919902,11.5677725884222,1.8318903327091,17.7375046514696,5.12902002949868
2001,1,11.516982719542,11.5512262273399,11.9761922128739,1.61991442165183,13.322093871332,5.31262776159471
2001,2,11.4066125317137,11.435092744464,11.938305752618,1.56116363032418,13.0363961287907,5.24970182350704
2001,3,10.5182739734706,10.5863937037478,11.0573057666902,1.63350008438555,12.5525074928038,4.48357095256929
2001,4,10.7020653339552,10.8500976745605,11.4176038742065,1.59716618041001,12.885738658905,5.02170530954997
2001,5,11.2791454010842,11.3457264920717,11.9069883900304,1.80830912233287,14.0422997013215,4.88991291292252
2001,6,11.4114146868499,11.502794015291,12.185717010498,2.038974548173,13.7458476702372,4.72826399803162
2001,7,11.8332999233176,11.977670054446,12.6977451693627,1.84280335710185,13.8007116010112,4.81137652550974
2001,8,11.8477099108388,11.9908869292146,12.6338093972975,1.81632739579064,14.4494674128871,5.07963875801333
2001,9,11.9645597025474,12.1900982790629,12.7583419481913,1.98777481017826,15.2457722345988,4.9390353679657
2001,10,11.6384550005911,11.9732101650033,12.7445732547391,2.39697072310212,18.0089100253197,4.53344805009903
2001,11,11.4717019090507,11.9210476323869,12.3897270202637,2.51516827153935,16.5564070383708,4.61795735359192
2001,12,11.9021426008312,12.4143216307445,12.6151197494999,2.54426057468625,16.2441688045379,4.69824874016546
2002,1,11.5420133188688,11.8482508221288,12.0294718896189,2.24032318535152,15.6382474284018,4.84906162754182
2002,2,11.4799367183531,11.7718435181663,12.4685949938638,1.99338409177596,14.0626022134508,5.42148676940373
2002,3,11.0070544279973,11.3392170483989,11.9199132611675,2.12547888623132,13.9294803065638,5.19975969868322
2002,4,11.0564978339235,11.4231456533644,12.1356183687846,2.08183876303119,14.5347399711609,5.53944466908773
2002,5,10.8504491419467,11.1109484584767,11.584429125632,1.77068358639017,13.5494596727433,5.4175806660806
2002,6,11.176232067743,11.3779199523926,11.7933959960938,1.641268190181,13.4648089726766,5.64179201126099
2002,7,11.2844853438532,11.459026393111,11.7198142390097,1.66807243957901,14.07006097609,5.42303771357382
2002,8,11.56833932195,11.691476025366,11.9795470083914,1.77731864686945,15.583975515058,5.42629806457027
2002,9,12.2745316961164,12.2625934318966,12.5669546763102,1.73655859148124,14.9663193702698,5.85322400728862
2002,10,12.6768547636021,12.8103393956666,13.485004117412,1.86810814821135,15.324975106024,5.38107547452373
2002,11,11.9963913735345,12.266410935635,12.9142553011576,2.22048706749148,15.0948635737101,4.9832999865214
2002,12,11.7914999403967,11.9377269949964,12.4808215787334,2.03069509166835,14.8390100540653,5.21823613874374
2003,1,11.6072911665045,11.8067171108697,12.4065857856504,1.86237326385073,14.0607996294575,4.97953030370897
2003,2,10.1908531091151,10.3904381818317,10.6470310688019,1.93240201896666,12.8205336162022,4.53083499840328
2003,3,8.72901810817178,8.71198197141258,8.94415675440142,1.26738099075956,10.7974071195049,5.07082546910932
2003,4,9.01765145142405,8.88623338703579,9.11267404556274,1.50134693102507,11.1631287256877,5.07202431360881
2003,5,9.26430179162643,9.2060503912895,9.52874303633167,1.42286207624105,11.0537137677593,5.07987677666449
2003,6,10.4405248157299,10.3484682678647,10.621461391449,1.32495096358968,12.5556262969971,5.47469631830851
2003,7,11.1748944532096,11.0775135454157,11.1687328892369,1.31270420302167,13.0153664927329,6.00547219860938
2003,8,11.1110372708231,11.1008519963911,11.2875527105024,1.28304784890214,13.0058203666441,5.76931873444588
2003,9,11.5054610689466,11.4669952803294,11.69903271993,1.36522243495106,13.3681016604106,6.20831300417582
2003,10,11.3143139563109,11.3726307247941,11.8685467935378,1.6737951872506,14.2744141855548,5.06569996187764
2003,11,11.2854028484732,11.4257776460436,11.7919062932332,1.77601799300241,15.9073392232259,5.36824866930644
2003,12,11.4193197593012,11.627808910739,12.075237366461,1.64365437326112,13.8009706927884,5.42358158480736
2004,1,11.8805405530363,11.9220142019128,12.3346177993282,1.54977942496694,14.075022574394,5.62861840955673
2004,2,10.004812257739,10.0084381702028,10.1737924279838,1.14130548495,12.1784676847787,5.70972273267549
2004,3,9.25207003795391,9.08836616274106,9.21409813050301,1.48497879223927,12.1051739108178,5.30556162711113
2004,4,9.28096169929201,9.36813382990095,9.62738800048828,1.54207238521971,12.0675006548564,4.74293596744537
2004,5,9.48518153700976,9.58660618771789,9.65044541512766,1.31014402067998,11.7821186742475,5.05873066379178
2004,6,9.37429562777863,9.41405309617784,9.74533532460531,1.29571263580636,11.366161664327,4.86303331057231
2004,7,9.7762621858162,9.75059256166027,10.1032374905002,1.3007903350298,11.7642096550234,4.84072028436968
2004,8,10.1034715888182,10.1137481324391,10.4088803568194,1.26013857420783,11.7604999542236,5.21776355466535
2004,9,10.3652670994554,10.4461247021145,10.8699056943258,1.45965135454115,12.3967595736186,4.22749066352844
2004,10,10.7547852698746,10.806822629826,11.1322745046308,1.70241149961537,15.5455113687823,4.64964742045249
2004,11,11.4831100640617,11.5751492956373,12.0225534121195,1.75900148170482,14.0600662867228,4.839839331309
2004,12,11.7869319293099,11.8125173413677,11.9850299896732,1.9521090711338,17.2150817994149,5.06083226973011
2005,1,11.0841793359923,11.218172542572,11.6881289635935,1.52758958282905,13.58388451607,5.71006062722975
2005,2,9.75165842783244,9.89098513639541,10.03214434215,1.5952592168197,12.3948525360652,5.65979175908225
2005,3,9.26268620782096,9.46271244364913,9.77524448210193,1.49488028732489,12.2798493600661,4.92589709066576
2005,4,8.47625685846867,8.53998450065189,8.75099430084228,1.69845792877434,11.6060853640238,4.30134564240774
2005,5,9.9459899598918,9.88103186283317,10.2581152608318,1.60935092179035,12.7357608733639,4.39815838875309
2005,6,10.6649560229483,10.7036121758779,11.0992829958598,1.60362528514439,13.0086672782898,4.78986165523529
2005,7,11.5532243613497,11.5571377909671,11.9440593104209,1.58890410004919,13.7594819222727,5.92388711437102
2005,8,12.3857195098933,12.5506011251224,12.9546207612561,1.58418847057521,14.7041464774839,5.65193836150631
2005,9,11.8288543645656,11.8610715797424,12.1285873095194,1.54483887915267,14.2542386690776,5.40714130401611
2005,10,11.7229117994106,11.7986810188704,12.2460156102334,1.79564679875762,17.4678937235186,4.45512550107894
2005,11,11.4147475090442,11.5227213491652,12.1660140355428,1.78630492976717,13.6449417114258,4.75531534353892
2005,12,11.2595234052898,11.4137631204667,12.1021967549478,2.0328777246539,14.4449074037613,4.89742677442489
2006,1,11.0417592368264,11.3112325696227,11.6160906822451,2.02826337454912,14.5609413270027,5.74642324447632
2006,2,11.1101148265868,11.1468644486836,11.4321078232356,1.29367180875661,12.8700264522008,5.21017570155008
2006,3,11.4130266184335,11.5377053518808,12.0747418557444,1.49320322304318,13.36015735134,5.55565744830716
2006,4,11.0328690993503,11.2727380810632,11.8169074058533,1.54371413669416,13.2535963058472,5.3920040289561
2006,5,11.8311992819659,12.036491371606,12.3779499607701,2.0310500463943,15.1541738817769,5.30386129502327
2006,6,12.1007948499605,12.1151181896634,12.7425220171611,1.86953034903737,14.6223159472148,5.19929835001628
2006,7,11.2326610546262,11.3273255691118,11.943940624114,1.79125493408597,13.9443405828168,4.68026901060535
2006,8,10.9104681407069,10.8645317793405,11.1589732016287,1.5996177379775,13.4240460857268,5.43014966287921
2006,9,11.6120270676429,11.6268690036774,12.0663050015767,1.5999560012818,14.0086726506551,5.63004830678304
2006,10,11.755776606296,12.0319897044602,12.3082736538303,1.99860437288088,17.3646426047048,5.33375000184582
2006,11,11.6391042259911,11.7549938172658,11.9208162943522,1.76633063585865,15.9964536031087,5.78659596443176
2006,12,11.4696318360382,11.7649582126576,12.4859734504454,1.93746265152779,15.7742463696388,4.9813264723747
2007,1,11.0641137231955,11.3578215211027,11.5878312510829,1.9703318565284,14.6414381150276,5.30702838590068
2007,2,10.6631320734747,10.6878384616488,11.0092513561249,1.50738973036354,12.8067490032741,5.26594821044377
2007,3,9.18148113014386,9.36152894555369,9.83298938505111,1.45673033436414,11.056455181491,5.04034776072348
2007,4,8.62848033555767,9.02083375032213,9.21365337371826,1.73976768898111,12.1931142807007,5.21643699010213
2007,5,7.58330984090041,7.77905504827602,7.98848222917126,1.59328731023956,11.6207447974913,4.22000964995353
2007,6,9.60106547772708,9.65744794072045,9.93306102752686,1.63245414483563,12.6516483306885,4.72045070330302
2007,7,10.8509120420538,11.1025122403381,11.4155647523942,2.15552776732675,14.5980593773627,4.87618524797501
2007,8,10.5558176770935,10.7296178789036,11.2397783648583,1.63239625592317,12.8308377419749,5.29986775305963
2007,9,10.3001430612217,10.4739167340173,10.8729329109192,1.48196716059024,12.7085123062134,5.24358631769816
2007,10,9.93459581462739,10.1886383692013,10.5095794123988,1.63051202767892,13.3554554600869,4.94841449491439
2007,11,9.00873460774647,9.22502887107001,9.25864966710409,1.7904069601463,16.875558312734,4.182910044988
2007,12,9.66142687352292,9.66241892646461,9.7699757852862,1.35407147632958,14.2816671248405,4.85721325874329
2008,1,10.8511085087127,10.8908560449744,11.2421186816308,1.54268535335261,12.8949603726787,5.29613613313244
2008,2,10.6721395723534,10.8157188764989,11.4130627533485,1.55699596724876,13.6116833851255,5.46139763141501
2008,3,10.6056227657587,10.5973797031936,10.9623241732197,1.47763745477778,13.4783171684511,5.35414063545965
2008,4,10.7551424353106,10.8804970378452,11.457472038269,1.74092281534102,13.2450762748718,5.30923768679301
2008,5,9.73605799045804,10.0587137772755,10.4142209945186,1.98542329595609,15.8378516781715,5.11708771797919
2008,6,10.3262990612858,10.5547236376445,10.5574203809102,1.8041390284922,15.4045170148214,5.06250262260437
2008,7,10.7134565985533,11.0610948841546,11.4925909349995,1.96556686874105,13.8633236115979,3.61945321482997
2008,8,10.3661053119649,10.7187250411126,10.6664874169134,2.16469894644431,15.0034319047005,3.48895902787485
2008,9,10.5902737386297,10.7117230745527,11.1001129468282,2.11871837950663,16.9579330126444,4.23383865356445
2008,10,10.5913796751169,10.7727742640588,11.0536897105555,1.93042571899583,18.1307796355217,5.10300711662539
2008,11,12.1258483491927,12.3033295220693,12.8497025171916,1.82431847545303,15.9096344312032,5.66559629440308
2008,12,12.2181225463085,12.3927117834604,12.9874619514711,2.09834162109795,15.5936638924383,5.35182551414736
2009,1,11.7381029022772,11.9188653457395,12.4106503148233,1.79328571051236,14.6324361370456,5.49536063594203
2009,2,11.0193590705064,11.2970432332584,11.8613453251975,1.81693318325491,13.463306427002,4.65731213774
2009,3,10.4413935035403,10.6963346232753,11.0132406603905,1.78933113804722,12.7383122597971,4.21188158373679
2009,4,11.3869298851036,11.3715472156525,11.6365053494771,1.45668224455064,13.2954200426737,5.27539865175883
2009,5,10.59006090649,10.7327408016574,11.114790608806,1.46482409813145,13.5921058039511,4.81702323113718
2009,6,10.9099772786116,10.8620449361589,11.1384936650594,1.30293040488644,12.8866673151652,5.84055237770081
2009,7,11.7021472680857,11.5462646013075,11.8115818885065,1.5697666920496,14.0561206571517,5.9011106183452
2009,8,11.7028509863384,11.6777377631075,11.87854126961,1.82983106093521,14.8260380529588,5.40992450714111
2009,9,10.3999528470399,10.363705783187,10.3569253285726,2.41971543644712,15.1785577456156,3.97264970938365
2009,10,11.631838798614,11.63730586175,12.3105660407774,2.24840158208232,15.5073761478547,3.24479516859977
2009,11,14.1140144231198,14.1381681116316,14.4914520581563,2.03513344276966,17.5767757415771,5.44395966529846
2009,12,14.2508895261315,14.2281902676244,14.624946717293,1.84173899069672,16.5177486788842,7.06040513130926
2010,1,12.5521526841798,12.5802230288598,12.9383174527076,1.53969141132845,14.5435983288673,6.33982195392732
2010,2,10.7584433585338,10.7424729220527,10.9527489117214,1.31894778950883,13.0036718164171,4.83391038009099
2010,3,9.5906347698498,9.52551622079008,9.75657906070832,1.32591355858507,12.0028200457173,4.60936354821728
2010,4,10.1617032536272,10.1537483056386,10.3833430926005,1.51598313307817,12.6644419670105,4.84757835070292
2010,5,10.5702690329817,10.5817373523097,10.9446516344624,1.65558011422464,13.0341728579613,4.94295547854516
2010,6,10.9235286647931,10.9361461026933,11.4411880175273,1.5631069763309,16.1654520352681,5.5236483891805
2010,7,10.1135310043484,10.1172737023959,10.4238116048997,1.25193098015492,13.7747216378489,5.76416904695572
2010,8,11.6749382853085,11.5168214842273,11.5449951541039,1.88199665843382,15.0098583775182,4.63724357081998
2010,9,11.596883270538,11.5583030686484,12.3036412874858,1.93238422980724,14.181652768453,3.71961402098338
2010,10,11.9454884714383,12.1045090777079,12.8322555172828,1.92602412626902,15.1224412302817,3.82623839378357
2010,11,12.270369463779,12.2809425504049,12.5712516148885,1.87873649447712,15.1872484207153,4.2936793088913
2010,12,12.1320804644757,12.2286251328171,12.8316397205476,2.00879199865204,15.1227735088718,4.44879228838028
2011,1,11.789226705494,11.8396073321271,12.2926081380536,1.58476139319166,13.8622838912472,4.74306937186949
2011,2,11.1410652780073,11.3324895298822,11.8418317862919,1.72193696461629,13.558262518474,4.19626462459564
2011,3,11.0356538495028,11.009217518427,11.2944767859674,1.47297295351549,13.8552658019527,4.37824193123848
2011,4,10.8297635273789,10.8634591073354,11.208148320516,1.37798365418404,12.8516553878784,5.19068031311035
2011,5,10.9539568890633,10.9566204901254,11.4550225350165,1.49892120297578,13.6007296346849,5.16484034445978
2011,6,10.5389146376124,10.6191112494999,10.8820160230001,1.83313140234915,14.398870976766,5.05898702939351
2011,7,10.6783075933975,10.8787352234625,11.1460255038354,1.83470316748753,14.5650532322545,5.31508419590612
2011,8,11.1290368921723,11.2591051984807,11.5124606163271,1.85134721274009,15.6179760656049,4.80310612340127
2011,9,12.7006718833973,12.7994597289615,13.3391953468323,1.72504858493791,15.0833643913269,6.21312232017517
2011,10,12.5383205873261,12.6704320664355,13.3269848054455,1.88408318747179,16.4070312130836,4.660255816675
2011,11,12.584394586505,12.7169025931888,13.3626086552938,1.99179530517778,16.8196977615356,5.1041289806366
2011,12,13.0731466372245,13.2659526304019,13.906821004806,2.20838290263838,16.4061340208976,5.3676090394297
2012,1,10.1247592210878,10.0691721977726,10.101915067242,2.28923113379253,14.8029548583492,3.3328312904604
2012,2,9.50492556157425,9.39874161823317,9.22651452031629,1.94820914210052,14.2170611085563,5.210598978503
2012,3,11.3195358147417,11.3558525229013,11.7197670782766,1.65580061813139,14.1633661024032,4.95564323855985
2012,4,12.1606320537891,12.2761329702589,12.8534130732218,1.92389427311741,14.9870726585388,5.55870869954427
2012,5,12.2319219093651,12.298406458988,12.5857983866046,1.51826933522791,15.2033657566194,7.04946608697214
2012,6,12.5830076459551,12.567203452513,12.9771713892619,1.55090411787431,14.4501417477926,6.31022067070007
2012,7,12.8421290748389,12.7275757121014,12.9648981709634,1.77403696672137,15.3404516097038,6.54925257159818
2012,8,11.9836578354389,11.9818068039597,12.361482251075,1.60591681112133,14.0055832709036,5.49476900408345
2012,9,12.0553429986138,12.0907533423106,12.3085490544637,1.72932241523198,15.3857650438944,5.6826136747996
2012,10,11.9852788944018,12.023716817138,12.2918765160345,2.07762986308472,16.407008417191,4.34473740669989
2012,11,13.2480828021574,13.2707113402896,13.8094723701477,1.98295772991936,16.1696037610372,5.50560636520386
2012,12,13.0531164473244,13.214745408294,13.8510364717053,1.88508395335966,15.8466164373582,6.68874937488187
2013,1,12.1007493455591,12.219920807459,12.7323581326392,1.57128547411005,13.9792151604929,5.96629871860627
2013,2,10.7552782578509,10.904291359856,11.3786649703979,1.88612670117746,13.2841178008488,3.01297571829387
2013,3,9.94669145802989,10.2928028454934,10.6910603123326,1.86482697150945,12.8343567694387,3.68560837161156
2013,4,10.5329138452767,10.7005751398934,11.2216737111409,1.51295349423075,12.6766002655029,4.69764665762583
2013,5,10.9911117699182,11.0160126615135,11.3732023239136,1.43480850072393,12.8765551659369,5.30825707220262
2013,6,11.8443441679641,11.8657497169071,12.1910146713257,1.64084685225484,14.2666146914164,5.58099900881449
2013,7,12.9971058396853,12.940704383604,13.2836525824762,1.70904458880637,15.3139397098172,6.4307151456033
2013,8,11.671421794244,11.7117605912814,12.1529948634486,1.74277239263574,14.465297760502,4.91564323825221
2013,9,11.3234026053525,11.3562489679125,11.706747341156,2.07924075323956,15.6784994125366,3.91515165170034
2013,10,12.7421216107523,12.8498529722152,13.3786823211178,2.13179649387962,16.3384175454417,5.15321417777769
2013,11,12.4218030347248,12.6076096079085,13.1206087112427,2.00966826516941,16.7550220489502,5.66771998405457
2013,12,12.1638947354925,12.3344331500146,12.6572948271228,1.93479298622536,15.749887035739,5.49009163148942
2014,1,10.8293096798386,11.1611693549207,11.312976068066,2.1557830967823,15.2746484202723,4.48191805808775
2014,2,9.99809810623896,10.1594250849769,10.4893732070923,1.50497533539188,12.203684261867,4.67750573158264
2014,3,10.1165043650173,10.214806402432,10.7412216124996,1.45685309886501,12.0255028816961,5.1913496909603
2014,4,10.2595649706086,10.0818398141225,10.2362436294556,1.42464450010762,12.6930821100871,5.87043595314026
2014,5,12.0969466316569,12.1024376790857,12.3819428105508,1.85796339986039,15.0746449193647,5.48513034082228
2014,6,12.2510707484924,12.2903430221134,12.5758177439372,1.47386300670055,14.4928683598836,6.06519338289897
2014,7,12.0111632434082,11.9997468635395,12.282778955275,1.46521732207928,14.1326504061299,5.62991839070474
2014,8,12.6253442454258,12.43977981149,12.4875090506769,2.02699905081696,15.8477985320553,5.4557609404287
2014,9,12.9315573411113,12.7978818797217,12.9487530708313,2.16967990563154,17.3236913363139,5.62357902526855
2014,10,13.3695017649723,13.3586623623345,13.5435528909006,2.23305826034874,19.0896199749362,5.25878094088647
2014,11,12.6573851981123,12.8168887872484,13.2853363037109,2.10024128712749,18.0225903828939,5.54647666613261
2014,12,13.4751099633797,13.422796470478,13.9515467920611,1.8845485881278,16.4052359058011,5.8604716331728
2015,1,13.1668080164377,13.1018108018855,13.4712293686405,1.59880849981355,15.4374396416449,6.59846867284467
2015,2,11.4172338436479,11.3066864866983,11.5276652744838,1.32923765187544,13.6982898712158,5.87249001434871
2015,3,10.3428576087813,10.3020769131158,10.4234820027505,1.00315824676414,12.8151490303778,6.04074836546375
2015,4,10.7159005228897,10.629931550471,10.6860382715861,1.34708785476374,14.7738097190857,5.63615134557088
2015,5,11.0977584085488,10.9991889435553,11.4601961566556,1.54901521168996,14.1963494516188,5.4013003072431
2015,6,11.0324657993521,10.9233515638563,11.1286533673604,1.62472730289222,13.3665880203247,4.73624631563822
2015,7,12.3593959480265,12.2267004215897,12.3542525691371,1.95969086295385,15.3934234803723,4.54788483342817
2015,8,12.5195012928322,12.5423723443144,12.9781771629087,1.78459624623477,14.9739212528352,4.65564839301571
2015,9,13.1228797656754,13.1488108791775,13.3672716458639,1.8567920932872,17.363024075826,5.61845200856527
2015,10,13.3247801997007,13.3740219440665,13.7656010043237,2.17845915462294,18.7371030007639,5.54656130267728
2015,11,13.3942722013981,13.6465429685805,14.1770620028178,2.24579794805198,16.9670639673869,5.6400586605072
2015,12,13.4556862045535,13.6446612189098,14.3266768301687,2.10349300845911,16.8887673654864,5.62864197454145
2016,1,13.2485476522767,13.4094253326744,14.1543874432964,1.97192776988023,15.4290522606142,5.88643841589651
2016,2,12.2178857545146,12.4411288146973,12.9987545013428,1.82906630851285,14.5844709462133,5.95557073066974
2016,3,11.700967160902,11.8202242007922,12.2443616928593,1.64284072465141,13.7629552348968,5.77664224563106
2016,4,11.9767604097236,12.0262586927626,12.5374619483948,1.58298669809603,14.782989025116,5.89614532788595
2016,5,12.243451655511,12.2759884904431,12.6723927836264,1.59708462158154,14.5391803556873,5.79762454186716
2016,6,11.9958752060684,12.076562445577,12.5480587641398,1.67929896066891,15.3059295018514,5.59852898915609
2016,7,11.7222415315487,11.7687058780629,12.2895842213784,1.68699447572171,13.8292058206374,5.53803160882765
2016,8,12.0976323102544,12.1293772170774,12.6771654621247,1.57800127073992,14.3931167971703,5.86588255051644
2016,9,12.999429556453,13.07145171246,13.4868299484253,1.52496658106163,15.8184699058533,6.11548728942871
2016,10,12.929391186805,13.023844988382,13.5887986767677,1.89652206792155,17.0600886498728,5.55055386020291
2016,11,13.0944221500653,13.2025996309068,13.7709460258484,2.0923231072018,17.0823756853739,5.14412099520365
2016,12,13.4579915970526,13.6081514352778,14.4807967524375,2.12139400947932,15.8074191308791,5.43175646566576
2017,1,12.9611074050275,13.1311109085903,13.7360442376906,1.96151960245461,15.0732258827456,5.5551138847105
2017,2,11.8002218999657,11.9181170256478,12.5577170167651,1.83119489525027,13.8613635812487,5.29077141625541
2017,3,11.0508819820473,11.128688113592,11.6119783463017,1.5993183533875,13.2066047422348,5.57734646335725
2017,4,10.4119195074701,10.5246348488278,11.0337533632914,1.43907088122522,12.4512770016988,5.50450698534648
2017,5,10.5131424860186,10.6728240728071,11.0398219939201,1.52136248454665,12.8190696470199,5.27250869812504
2017,6,11.0929652063082,11.1940499723223,11.5776433308919,1.45859472601921,12.9043182690938,5.36014302571615
2017,7,11.3654906132851,11.2503161101393,11.4082418564827,1.46298821710907,13.8900928497314,5.65564738550494
2017,8,12.0307886473523,11.9157508411613,12.1086941688291,1.95854112979746,15.0374313785184,4.56792190767104
2017,9,12.1316587130157,12.1044074918111,12.4401920000712,2.00813517136514,15.810338973999,5.44854935010274
2017,10,12.4199592207069,12.5419959779555,13.0807654473089,1.76372369442055,15.2584880398166,5.98250644437728
2017,11,12.9353950454312,13.0744213491652,13.6861543019613,1.98636138659452,17.4398819605509,5.26907601356506
2017,12,12.9713935513734,13.0578419817443,13.7263326337261,2.15233828219634,17.3609331192509,5.20519482704901
2018,1,11.9827802145191,12.0883288504078,12.7132905837028,1.70597422214127,13.7757609582716,5.33771970195155
2018,2,11.5060281308613,11.6146931025641,12.0976114273071,1.68174205086903,13.3234610557556,4.62131641592298
2018,3,11.1070606602204,11.12216122375,11.4862347879717,1.5495241398886,13.2198589694115,5.39544123987998
2018,4,10.5108039347431,10.5746931304508,11.0529439926147,1.29261173373365,12.1394517580668,5.35555364290873
2018,5,10.7054354037934,10.856223238258,11.2288632546702,1.29449084864487,12.4553300180743,5.83939616910873
2018,6,11.1486050704592,11.1804916069878,11.545902633667,1.34302645429687,13.3208837191264,5.92031596501668
2018,7,11.2782196060294,11.2517384551674,11.4761457750874,1.46959720071382,13.8415383984966,5.55166449085359
2018,8,11.4389435975881,11.4249763519943,11.7440551634758,1.52520314458167,13.7710126446139,5.5992028943954
2018,9,12.1524327670882,12.2565298202091,12.8761193593343,1.62641652451581,14.940952650706,5.56061234474182
2018,10,12.597792333504,12.6405417480059,13.1010619748023,1.92562434292179,15.7463189709571,5.66864258243192
2018,11,12.3212562093236,12.3246824479421,12.4742763519287,1.90340405016789,16.0560013135274,5.67895159721374
2018,12,12.6710758495305,12.8481842878198,13.4943129324144,2.03063524276324,15.4191064526958,5.15619257957705
2019,1,12.1645334956555,12.2937152776411,12.9833987143732,1.85975807577091,14.4604308835922,5.32566970394504
2019,2,12.173936360663,12.2460279495603,12.7479692867824,1.72863162449759,14.3422389711652,6.01599609851837
2019,3,11.0634846998596,11.17579321367,11.4088790032171,1.64817907334106,14.1238609744656,5.70963678052348
2019,4,11.1581430882239,11.126492803065,11.6471020062764,1.43923442035248,13.7720453103383,6.02254066467285
2019,5,11.2014020163745,11.2428589897566,11.5640864218435,1.41927503285571,13.6063770786408,5.86749001472227
2019,6,10.8472149699298,10.9963682835473,11.2467731157939,1.71556154208227,13.9927063941956,4.3339643239975
2019,7,12.7340667575842,12.7043198815212,13.1205305899343,1.87000299053755,15.2892973499913,5.13771547809724
2019,8,13.4536522351705,13.4709774398804,13.764962503987,1.61836137080636,17.1663157555365,6.90706349957374
2019,9,13.7162418141199,13.7165053326501,13.9869202613831,1.63686352219225,16.2544202804565,7.04835300445557
2019,10,14.3328121648138,14.4831537820139,15.0823002784483,2.31236748382872,19.3186393860848,5.45032642733666
2019,11,14.0229942235478,14.1504477498372,14.8756920496623,2.52079971841511,18.4101755142212,5.62006265322367
2019,12,13.5592800799976,13.6360286416495,14.3181242481355,2.10852283752498,16.1213069115916,5.58925580978394
2020,1,12.8695448622293,13.0051603665506,13.6335487058086,1.74698525046409,14.8328189542217,5.99521772323116
2020,2,12.0239389662655,12.2020170822144,12.7877341632185,1.75293047440359,14.0979264357994,5.33670514205406
2020,3,11.9570990134464,12.1644686095125,12.8584335081039,1.83138277238805,14.1542219346569,5.33762548815819
2020,4,11.536078278224,11.6619404623667,12.1298553784688,1.65592629591932,13.539591662089,5.47049762407939
2020,5,10.2010717349697,10.2595991134233,10.7121596182546,1.66637843100325,15.9888996616487,4.9575576936045
2020,6,9.9447640976529,9.89353387086656,10.2595113436381,1.64385923618568,14.1405866940816,4.54329698880514
2020,7,11.624737242065,11.3402038940102,10.9098961737848,1.92914418732285,15.0027232939197,5.6243413033024
2020,8,11.797476565294,11.6515485477653,11.3554580442367,1.91135419630492,15.494664561364,5.98607484755977
2020,9,11.9590262198301,11.7865497597588,11.6403887112935,1.89499771904911,15.3331517537435,5.79882799784342
2020,10,12.4893906337754,12.3264753077107,12.2854028824837,1.68760677127567,15.6501316255139,5.85239096610777
2020,11,12.4482003216701,12.5599494061364,13.0769314130147,1.60178635783107,15.0451789220174,6.00337462425232
2020,12,12.3458165096222,12.4779006190556,12.9888555465206,1.90053368373769,14.7430590967978,5.4001200122218
