"year","month","weighted_mean_sal_78m","mean_sal_78m","median_sal_78m","sd_sal_78m","max_sal_78m","min_sal_78m"
"1993",1,34.1762321182044,34.1950979555276,34.2143020629883,0.472067705206978,35.5357513427734,32.5220489501953
"1993",2,34.2418427827311,34.2263066078054,34.286018371582,0.433879520207239,35.3465385437012,32.6334419250488
"1993",3,34.3521676316374,34.3260157444055,34.3562126159668,0.459862992569082,35.6501960754395,32.5861396789551
"1993",4,34.5727491262681,34.5446587332364,34.5942573547363,0.526665568352569,35.8775596618652,32.7173690795898
"1993",5,34.8718759241235,34.8529187360515,34.9208030700684,0.403975379028555,35.7325973510742,33.2346572875977
"1993",6,34.9979119081281,34.9964912061582,35.0825538635254,0.3785327884927,35.9462280273438,32.9142112731934
"1993",7,35.0426766754466,35.0518313708109,35.1481666564941,0.34021569927801,35.894344329834,32.9996643066406
"1993",8,34.9625314874115,34.9477058134832,35.0169372558594,0.349060312640369,35.7814254760742,33.1751441955566
"1993",9,34.9658353819998,34.9698986430552,35.0016784667969,0.339328004720379,36.0225219726562,33.2667007446289
"1993",10,35.1374106810782,35.1581145232458,35.1268043518066,0.235260260913393,36.0103149414062,34.4737091064453
"1993",11,35.2101066683476,35.2274889656593,35.2793960571289,0.240826662072831,36.0042114257812,34.1822547912598
"1993",12,35.0757836350957,35.051410429788,35.1054420471191,0.365964860276978,36.1079750061035,32.9966125488281
"1994",1,34.991902673554,34.9885063958513,35.0672950744629,0.360675579887556,35.7997360229492,32.6227607727051
"1994",2,34.7968593302176,34.7903514476832,34.7743148803711,0.407986778683689,36.172061920166,32.6899032592773
"1994",3,35.0168997863709,35.0015198731979,35.0718727111816,0.338490187153791,35.9813232421875,33.3338432312012
"1994",4,35.2579902722471,35.2436414043383,35.3480644226074,0.395144669292557,35.8806114196777,33.4345512390137
"1994",5,35.3339016966639,35.3278486485211,35.4182548522949,0.338412691303993,36.3261833190918,33.5062713623047
"1994",6,35.3489264243525,35.3959056310544,35.4640350341797,0.399487751668617,36.6023750305176,33.6680183410645
"1994",7,35.4438484873421,35.4715971241273,35.5403289794922,0.359884856830308,36.3246574401855,34.0052490234375
"1994",8,35.4951885523779,35.4966145132487,35.5143890380859,0.26477873164935,36.1980056762695,34.1395301818848
"1994",9,35.5058903792276,35.4985503409375,35.5037078857422,0.237459156887936,36.400951385498,34.5820503234863
"1994",10,35.3256948447918,35.3461549563721,35.3556938171387,0.260625529847801,36.3872184753418,33.820613861084
"1994",11,35.3812335947956,35.4058334449242,35.4518280029297,0.321392426480248,36.333812713623,33.893856048584
"1994",12,35.0265563207378,35.0252488459841,35.1161231994629,0.354960082501341,35.9218101501465,33.4253959655762
"1995",1,34.7991587381201,34.8078795107374,34.8918113708496,0.456118136805989,35.8363609313965,32.8989524841309
"1995",2,34.9069703731484,34.9675249231273,35.0352478027344,0.509777256285401,35.8836631774902,32.8394432067871
"1995",3,34.8150436625248,34.9033633897249,35.0749244689941,0.590013085354532,36.123233795166,33.0103454589844
"1995",4,35.0804297004061,35.1303474196072,35.2717666625977,0.52621702489489,35.9736938476562,32.9370994567871
"1995",5,35.2405598577499,35.2301303318266,35.3328056335449,0.491432357748533,36.02099609375,32.9508361816406
"1995",6,35.2183089901884,35.21160363866,35.3259391784668,0.493236187932059,36.1369667053223,33.0774879455566
"1995",7,35.242589277372,35.2098000754504,35.3480644226074,0.476847909300739,36.0728797912598,33.0088195800781
"1995",8,35.3734531598527,35.3687934107457,35.4197807312012,0.264190966635985,36.1308631896973,33.953369140625
"1995",9,35.2648250112969,35.280112070544,35.3175468444824,0.238963178482244,35.8867149353027,34.1578407287598
"1995",10,35.2297884431583,35.2412563495827,35.2778701782227,0.264325975158077,36.1430702209473,34.0296630859375
"1995",11,35.1740508768604,35.1765501226228,35.2381973266602,0.305379925841082,35.8378868103027,33.4879608154297
"1995",12,34.8665030804787,34.8684109457608,34.9909973144531,0.410472032633146,35.5113372802734,32.8592796325684
"1996",1,34.5628817588466,34.5533274895622,34.6873359680176,0.494814017162966,35.5281219482422,32.7295761108398
"1996",2,34.5002399106703,34.505455505607,34.6049385070801,0.587735018547584,35.610523223877,32.7845077514648
"1996",3,34.466739046484,34.5106985467692,34.5789985656738,0.595101009256365,35.677661895752,32.8196067810059
"1996",4,34.2872058439568,34.3420447634554,34.4096183776855,0.616470423060311,35.7539596557617,32.5998725891113
"1996",5,34.2550749127062,34.3343007303053,34.3806266784668,0.623446117931926,35.634937286377,32.6136054992676
"1996",6,34.2985445408018,34.3052269992609,34.357738494873,0.620523363844183,35.9874267578125,32.7784042358398
"1996",7,34.2597871778364,34.2853511748775,34.4111442565918,0.716602008425182,35.7509078979492,32.6975326538086
"1996",8,34.3603222487676,34.3969617773614,34.4553985595703,0.471424048042993,35.4243583679199,32.7326278686523
"1996",9,34.4439115294644,34.4141965493389,34.4676055908203,0.483404668889744,35.6440925598145,33.0286560058594
"1996",10,34.422945825149,34.3970935163827,34.4950714111328,0.50858202471066,35.6639289855957,32.7677230834961
"1996",11,34.1673719950756,34.2086582742888,34.273811340332,0.569629565716836,36.2163162231445,32.285530090332
"1996",12,34.04879982874,34.0882449774907,34.116641998291,0.541482776427885,35.4701385498047,32.381664276123
"1997",1,34.4823264152511,34.548269097028,34.6568183898926,0.642222515336917,35.810417175293,32.3221549987793
"1997",2,34.2063834883297,34.2462421024961,34.4599761962891,0.676519448385114,35.2885513305664,32.1802406311035
"1997",3,34.152299418217,34.2342258024799,34.3623161315918,0.685273422527744,35.4457244873047,32.0657997131348
"1997",4,33.9382894001322,34.0044918829819,34.0235595703125,0.531637722734997,35.3602714538574,32.0337524414062
"1997",5,34.3148917130245,34.4305925670535,34.4492950439453,0.587734900171598,35.8439903259277,32.5128936767578
"1997",6,34.6919676453645,34.7406206970653,34.7437973022461,0.390677138973789,36.129337310791,33.0317077636719
"1997",7,34.8628921443649,34.9024502103931,34.9040184020996,0.289199604099429,36.033203125,33.851131439209
"1997",8,35.1595629669605,35.1752469793708,35.1664772033691,0.237989844877342,35.97216796875,34.2722854614258
"1997",9,35.2030423055302,35.2129885500327,35.2427749633789,0.287267160093893,36.2056350708008,33.8160362243652
"1997",10,34.9535683422593,34.947333966426,35.0489807128906,0.490661486379599,36.0194702148438,32.5846138000488
"1997",11,34.775646757518,34.8079024189916,34.9452209472656,0.60318379973711,36.0484619140625,32.5449371337891
"1997",12,34.7017022942693,34.7394505671585,34.8628196716309,0.647704663610714,35.8989219665527,32.4640655517578
"1998",1,34.1347647545839,34.2182154849586,34.1563148498535,0.802600339533453,35.8973960876465,32.3114700317383
"1998",2,33.1200545610074,33.1828546378413,33.0927467346191,0.609484950502828,36.6420478820801,32.128360748291
"1998",3,33.1059257917707,33.1577084589058,33.0729103088379,0.565041896412185,36.0286254882812,32.2199172973633
"1998",4,33.3303826223961,33.3485029255659,33.2193984985352,0.643767845045411,35.4609832763672,32.2473831176758
"1998",5,33.6523032560403,33.6229921659187,33.6085090637207,0.640503730337822,35.1786842346191,32.2641677856445
"1998",6,33.8790253390882,33.9602889017127,34.00830078125,0.59419359055903,35.2381973266602,32.2077102661133
"1998",7,34.0859896818198,34.1803119188421,34.2684707641602,0.629637300193362,36.0759315490723,32.2473831176758
"1998",8,34.2424655521918,34.3486013036946,34.4553985595703,0.637130218327968,35.9706420898438,32.3801383972168
"1998",9,34.5526911887411,34.6442932315256,34.7224349975586,0.484564848619617,35.9492797851562,32.6944808959961
"1998",10,34.3973146360572,34.4563708520705,34.4706573486328,0.472809127218936,35.9401245117188,32.5464630126953
"1998",11,34.29603739068,34.3445712260542,34.3791007995605,0.426352379264484,35.7707443237305,32.8150291442871
"1998",12,34.3142116080395,34.3507150408158,34.4615020751953,0.524619917052081,35.4426727294922,32.0596923828125
"1999",1,34.7061276413967,34.7670658429817,34.8124618530273,0.535009412769285,35.9233360290527,32.273323059082
"1999",2,34.7779496696862,34.8149487107845,34.8536643981934,0.370251351030843,35.9813232421875,32.8394432067871
"1999",3,34.6816201565672,34.701204071639,34.7209091186523,0.368290085890695,36.0911903381348,33.1644630432129
"1999",4,34.7499189332175,34.7638062027679,34.8521385192871,0.408622605963389,35.7356491088867,33.2453384399414
"1999",5,34.6935055002496,34.7268769424405,34.7926254272461,0.366241823741355,36.1705360412598,33.0271301269531
"1999",6,34.7172325497244,34.7726752998089,34.8139915466309,0.35827365698558,36.2483596801758,33.1339454650879
"1999",7,35.0904903898496,35.156501527729,35.1855506896973,0.335766065515125,36.2529373168945,33.4162406921387
"1999",8,35.0936918490369,35.1685770414562,35.2214126586914,0.332920053275101,36.2941360473633,34.327220916748
"1999",9,35.420788082584,35.4471906651026,35.4319877624512,0.308671727135792,36.280403137207,34.6156196594238
"1999",10,35.6016643287013,35.6145749260772,35.6196784973145,0.2375037828158,36.219367980957,34.8261985778809
"1999",11,35.6694803834395,35.6819762911742,35.7051315307617,0.213784515423389,36.3856925964355,34.6263008117676
"1999",12,35.5148150341543,35.5313074364413,35.6013679504395,0.287189583496298,36.092716217041,34.2295608520508
"2000",1,35.2186960494119,35.2812663836792,35.3236503601074,0.364623258029325,36.1079750061035,34.0556030273438
"2000",2,35.0766763625725,35.1289073812551,35.1557960510254,0.39674688162931,36.0347290039062,33.2667007446289
"2000",3,34.996374325027,35.0389931185492,35.1512184143066,0.476129118052439,36.0377807617188,33.0332336425781
"2000",4,35.1473215037368,35.1790281344008,35.3022842407227,0.448223033539842,35.9920043945312,32.9584655761719
"2000",5,35.3852855755224,35.3889474281082,35.4136772155762,0.21688199553327,35.953857421875,33.8679161071777
"2000",6,35.3410291289777,35.3449892649157,35.4533538818359,0.316147785992413,35.8378868103027,33.7946701049805
"2000",7,35.1798184368122,35.1875166923769,35.2244644165039,0.302960940110932,36.3475456237793,33.4849090576172
"2000",8,35.2328724531245,35.2662053274764,35.3007583618164,0.325614072166793,36.3719596862793,33.646656036377
"2000",9,35.2660761562412,35.2772586300729,35.3572196960449,0.475710477246435,36.5688056945801,33.1553077697754
"2000",10,35.0530360212619,35.0656641547486,35.2275161743164,0.577729664391612,36.2117385864258,33.2743301391602
"2000",11,34.4919928396877,34.5332007528722,34.4706573486328,0.471080975860773,36.4223136901855,33.2789077758789
"2000",12,34.7337778243986,34.8283994585574,34.8139915466309,0.575590391829316,36.5520172119141,32.6593818664551
"2001",1,34.7468985522366,34.7473957522162,34.7781295776367,0.488276983325674,36.1674842834473,32.9737243652344
"2001",2,34.7283842996551,34.7037639044776,34.7849960327148,0.407686800637692,36.407054901123,32.9691467285156
"2001",3,34.5259583360648,34.5175277056498,34.5515289306641,0.370883194141942,35.7325973510742,32.8501243591309
"2001",4,34.7027524608129,34.7255222695449,34.7254867553711,0.593428346830581,36.1705360412598,32.9065818786621
"2001",5,34.8938810284173,34.886745743969,35.0444030761719,0.658743185606316,36.2346267700195,32.7600936889648
"2001",6,35.0065396913654,34.9690318346572,35.1161231994629,0.625011574938227,36.2697219848633,32.8089218139648
"2001",7,35.1772432290468,35.1760279533463,35.2854995727539,0.466436927935325,36.0545654296875,33.0729103088379
"2001",8,35.2942641419704,35.3335815192065,35.4045219421387,0.399769905536475,36.0789833068848,33.0515441894531
"2001",9,35.1429972677479,35.1805445864009,35.3053359985352,0.573019245862395,36.1690101623535,32.3053665161133
"2001",10,35.088951107147,35.11586659127,35.3328056335449,0.642953499553998,36.039306640625,32.4427032470703
"2001",11,35.183663577853,35.2198888741417,35.3053359985352,0.495429224394599,36.0408325195312,33.0957984924316
"2001",12,35.0566291917134,35.1000893082582,35.2519302368164,0.521635488986758,35.9355430603027,33.0744361877441
"2002",1,35.0329257464499,35.1046671488659,35.2092056274414,0.5339365999455,36.2224197387695,33.0118713378906
"2002",2,34.5906520356825,34.6207003757871,34.8475608825684,0.716710327965148,36.1583290100098,32.4259147644043
"2002",3,34.4847706431971,34.4965192518987,34.6491889953613,0.704104515747293,35.792106628418,32.5968208312988
"2002",4,34.5378201827205,34.6040845011569,34.7880477905273,0.693909546947858,35.7219161987305,32.8592796325684
"2002",5,34.5112022027739,34.561301838808,34.7560043334961,0.573332856305739,35.5052337646484,32.6853218078613
"2002",6,34.6510780022752,34.7454588541491,34.8055953979492,0.569750747407091,36.1125526428223,33.1568336486816
"2002",7,34.8472410942673,34.9401615473797,34.9696350097656,0.53315495589744,36.184268951416,33.3811454772949
"2002",8,34.9692890871718,35.0503852876063,35.0505065917969,0.464800923103994,36.1445960998535,33.6909103393555
"2002",9,35.2577404923496,35.2865264127446,35.2778701782227,0.487118197719149,36.5108184814453,33.3780937194824
"2002",10,35.382647867241,35.3806251067606,35.4396209716797,0.439671657482461,36.5474395751953,33.4482879638672
"2002",11,35.3221427532749,35.3191550901566,35.4121513366699,0.382930176753574,36.068302154541,33.9106407165527
"2002",12,35.2592051512574,35.2621224659887,35.3450126647949,0.316735479069674,35.9492797851562,33.5093231201172
"2003",1,34.8435575841402,34.8389311437214,34.9391174316406,0.500274464342442,35.9935302734375,32.9783020019531
"2003",2,34.3284950168774,34.3689881395237,34.4454803466797,0.532560994612794,35.9752197265625,32.8455467224121
"2003",3,33.9146172666972,34.0125628137217,34.0189819335938,0.501730011539672,35.4213066101074,32.7494125366211
"2003",4,33.9070734107054,33.9799562366529,33.9869384765625,0.508442338378301,35.4335136413574,32.5937690734863
"2003",5,34.2882539705001,34.3041852641291,34.279914855957,0.490992361944739,36.117130279541,32.7936630249023
"2003",6,34.887173187652,34.8918066954339,34.9391174316406,0.42059676308201,35.8836631774902,33.3521537780762
"2003",7,35.1682547588546,35.1914212017887,35.1985244750977,0.264068304142228,35.9996337890625,34.1425819396973
"2003",8,35.2112100045738,35.2320288014226,35.2412490844727,0.247831064338695,36.0118408203125,33.99609375
"2003",9,35.1029871316145,35.1116154436133,35.1435890197754,0.327934194206624,35.9553833007812,33.4147148132324
"2003",10,35.0610504261774,35.0829854502694,35.0840797424316,0.315406547585801,35.8607749938965,33.4955902099609
"2003",11,35.0524604531824,35.0962004163896,35.1145973205566,0.315289509670731,35.9263877868652,33.9274253845215
"2003",12,35.1210341668838,35.1393885269844,35.2053909301758,0.28113541001396,35.8470420837402,33.8297691345215
"2004",1,35.0971293782024,35.1092324616514,35.1588478088379,0.309017745603209,35.8226280212402,33.2865371704102
"2004",2,34.6385274697661,34.6617276870963,34.7025985717773,0.339789874354688,35.5021820068359,33.1736183166504
"2004",3,34.4230043843927,34.4235502092406,34.4538726806641,0.444315907178505,35.5906867980957,32.8241844177246
"2004",4,34.4961609063606,34.4868976082199,34.5408477783203,0.463737480149392,35.7402267456055,33.0576477050781
"2004",5,34.5592932003291,34.5969210733959,34.6018867492676,0.456511331353265,35.7890548706055,33.1278419494629
"2004",6,34.3293875096044,34.3689842007078,34.4141960144043,0.41749020809589,35.6562995910645,33.1080055236816
"2004",7,34.3289364335846,34.3755858969768,34.4340324401855,0.453977228674687,35.2778701782227,32.8134994506836
"2004",8,34.7565142924003,34.7496609533987,34.7605819702148,0.41489275657463,35.7341232299805,33.0927467346191
"2004",9,34.6878144135513,34.7415326712597,34.8063583374023,0.465903027861325,36.3994255065918,32.8714866638184
"2004",10,34.6372133822307,34.5939196521899,34.5835762023926,0.639348816147123,36.2895584106445,32.7784042358398
"2004",11,34.5028125374817,34.5374987196648,34.6018867492676,0.536138175614475,35.9447021484375,32.6364936828613
"2004",12,34.5706032441909,34.6584210498712,34.6217231750488,0.546231122394263,36.3063430786133,32.4945831298828
"2005",1,34.3284617934397,34.3537850434045,34.3989372253418,0.597892650603312,36.123233795166,32.326732635498
"2005",2,34.3860390502157,34.378840319159,34.4462432861328,0.688185598288101,35.8546714782715,32.3923454284668
"2005",3,34.5089715044944,34.5580151752052,34.6522407531738,0.598241066409762,36.1018714904785,32.3343620300293
"2005",4,34.1685231655437,34.2734636232223,34.4553985595703,0.743165523705213,35.906551361084,32.2031326293945
"2005",5,34.3344319720326,34.3258786703243,34.4202995300293,0.610740602272819,36.0896644592285,32.1024208068848
"2005",6,34.5701830424348,34.5607754799415,34.6278266906738,0.446638489930953,36.2666702270508,32.7845077514648
"2005",7,35.0087519089286,34.9556241458727,34.9162254333496,0.644237921260865,36.4635162353516,32.5281524658203
"2005",8,35.3498795062506,35.3562468595579,35.4136772155762,0.52466215525306,36.3063430786133,33.2132949829102
"2005",9,34.8617577932132,34.9246571529871,34.9543762207031,0.442303044730331,36.352123260498,33.1965103149414
"2005",10,34.8272546445633,34.8666765242716,34.8521385192871,0.423629583988807,36.5382843017578,32.8440208435059
"2005",11,35.1901286554649,35.204966593556,35.1908950805664,0.359651076056232,36.376537322998,33.9854125976562
"2005",12,35.2362922536815,35.2303682268077,35.2946548461914,0.431137425579999,36.4207878112793,33.1232643127441
"2006",1,34.9234325349649,34.9247034507811,35.0108337402344,0.47427718923712,35.882137298584,32.9264183044434
"2006",2,34.9154756100774,34.9612488180546,35.0718727111816,0.465007258315489,35.9034996032715,32.7860336303711
"2006",3,34.9962893243872,35.0099154127586,35.0947608947754,0.513227212004605,36.1964797973633,32.381664276123
"2006",4,35.0849373366972,35.1173225016978,35.310676574707,0.597447408298923,36.3978996276855,32.3053665161133
"2006",5,35.2323063987131,35.2597585813885,35.5174407958984,0.798398440724121,36.3750114440918,32.7249984741211
"2006",6,35.5801303684006,35.5875452624792,35.6730842590332,0.437168339050684,36.2529373168945,33.1675148010254
"2006",7,35.4910135144685,35.4933494026855,35.4808197021484,0.268322420136817,36.4223136901855,34.6781806945801
"2006",8,35.2816780059363,35.3103614875021,35.3389091491699,0.321565717183523,36.321605682373,33.3185844421387
"2006",9,34.8993371357832,34.9246375357968,35.1603736877441,0.732721224427271,36.2453079223633,32.5525665283203
"2006",10,34.8490557426624,34.9010406409275,35.0611877441406,0.598236832809479,36.0240478515625,32.7402572631836
"2006",11,35.0816979304211,35.133088017387,35.1817359924316,0.378085632220659,36.243782043457,33.2834854125977
"2006",12,35.0266389077616,35.0528979009728,35.1191749572754,0.343762110576323,36.0530395507812,33.730583190918
"2007",1,35.0961639926287,35.1083490677219,35.1588478088379,0.320921101124506,35.804313659668,33.2895889282227
"2007",2,35.0434057491856,35.0197956484527,35.0497436523438,0.32261215459684,35.8317832946777,33.3368949890137
"2007",3,34.3580739606643,34.3991791437677,34.5988349914551,0.678072681594542,36.0408325195312,32.4198112487793
"2007",4,34.0788860058684,34.1364324346082,34.1959915161133,0.748229312933863,35.8378868103027,32.5601959228516
"2007",5,33.8977574332447,33.9784673090374,34.0098266601562,0.599874815823988,35.7844772338867,32.7356796264648
"2007",6,34.3884822346567,34.3895075278447,34.3958854675293,0.649140065166051,36.2086868286133,32.7082138061523
"2007",7,34.8172668553654,34.8053266835027,34.9070701599121,0.51126643068852,36.1201820373535,33.1019020080566
"2007",8,34.6763304287782,34.7083476615032,34.8033065795898,0.555851550514856,35.99658203125,32.8043441772461
"2007",9,34.5335499572179,34.5554966571413,34.6293525695801,0.475260953638307,35.9553833007812,32.5952949523926
"2007",10,34.4243679677174,34.4614773581635,34.5271148681641,0.437274538235986,35.610523223877,32.9737243652344
"2007",11,34.0630324786542,34.0818420179959,34.1029090881348,0.430956771558529,35.9294395446777,32.7372055053711
"2007",12,34.4599660673288,34.4726593038794,34.4721832275391,0.449330354561648,35.694450378418,32.8287620544434
"2008",1,34.6247782858961,34.6181033661686,34.6644477844238,0.369371025994829,36.0530395507812,32.9874572753906
"2008",2,34.6889175622699,34.7237664439307,34.7163314819336,0.364259599065369,35.912654876709,33.0378112792969
"2008",3,34.7108637057398,34.7492360896873,34.7575302124023,0.402246737057939,35.930965423584,32.7799301147461
"2008",4,34.5979475211296,34.6284679176067,34.8353538513184,0.707503140038031,36.0255737304688,32.4823760986328
"2008",5,34.4135145007442,34.4501883961865,34.4996490478516,0.69913352112615,35.9797973632812,32.4762725830078
"2008",6,34.6918191193959,34.7485180758334,34.8155174255371,0.500237502724071,35.810417175293,33.1781959533691
"2008",7,34.7781834137994,34.8511069186405,34.8689231872559,0.479919282347038,36.2575149536133,33.2575454711914
"2008",8,34.8635317586224,34.970124339527,34.9787902832031,0.621654134086927,36.1919021606445,32.8547019958496
"2008",9,34.772538066289,34.8789818974199,34.8506126403809,0.559844145131639,36.178165435791,33.4818572998047
"2008",10,34.6658574517847,34.7576157778866,34.7056503295898,0.538561821222052,36.5062408447266,32.7066879272461
"2008",11,35.2020685941963,35.2202795929744,35.2427749633789,0.492970079659343,36.388744354248,33.2422866821289
"2008",12,35.3427552515518,35.3264397895906,35.412914276123,0.448339463040288,36.0164184570312,33.0225524902344
"2009",1,35.3754637856764,35.3589180073298,35.4258842468262,0.354250771478513,35.9736938476562,33.6207160949707
"2009",2,35.2383870558198,35.2505014800086,35.3755302429199,0.463271077449138,36.219367980957,33.0378112792969
"2009",3,35.1749006852144,35.1678258804644,35.2443008422852,0.352927510977003,36.3734855651855,33.3078994750977
"2009",4,35.4121289756904,35.4005770792906,35.4457244873047,0.277832538854301,36.033203125,33.6741218566895
"2009",5,35.2800775342461,35.3085033236409,35.4106254577637,0.301272216826842,35.8485679626465,33.7717819213867
"2009",6,35.3163907416852,35.3229196811544,35.3587455749512,0.295220858706771,36.2910842895508,33.6375007629395
"2009",7,35.4962385892312,35.4727633159073,35.4777679443359,0.212636700737343,35.9859008789062,34.2966995239258
"2009",8,35.5617703650955,35.5698044610368,35.580005645752,0.201279047498461,36.0972938537598,34.7575302124023
"2009",9,35.3631512778545,35.3978224002356,35.4060478210449,0.353618523153433,36.1873207092285,33.9701538085938
"2009",10,35.4338983882353,35.3984648268533,35.5227813720703,0.513413853268508,36.4741973876953,33.6512336730957
"2009",11,35.7010243882277,35.7042901565289,35.6624031066895,0.3101145216817,36.5825386047363,34.0342407226562
"2009",12,35.7427314156033,35.744789190402,35.7417526245117,0.269765360356045,36.5016632080078,34.2112503051758
"2010",1,35.340398693674,35.3543224273189,35.4045219421387,0.322650142325262,36.153751373291,33.9808349609375
"2010",2,35.1125062402104,35.1600296988276,35.1908950805664,0.302947381644734,36.051513671875,34.0357666015625
"2010",3,34.6660218791768,34.6990115949654,34.7361679077148,0.429759059271468,35.9645385742188,32.9187889099121
"2010",4,34.8970350499885,34.922731729924,35.0260925292969,0.458403137916534,35.8363609313965,33.4910125732422
"2010",5,34.9370780081717,34.9504902263637,35.0619506835938,0.428066436278287,36.2331008911133,33.1736183166504
"2010",6,34.9782787508828,34.96994653066,35.0382995605469,0.355653839226636,36.2392044067383,33.2239761352539
"2010",7,34.9903330859598,35.0176655791625,34.9787902832031,0.331658043854903,36.098819732666,33.0622253417969
"2010",8,35.3941090971172,35.3729301919396,35.3740043640137,0.304006137285167,36.231575012207,34.2692337036133
"2010",9,35.3174298888673,35.3302075138311,35.3328056335449,0.261347681868835,36.0759315490723,34.3241691589355
"2010",10,35.4342110917332,35.4419073650118,35.5159149169922,0.322435840478512,36.400951385498,34.073917388916
"2010",11,35.2793704522292,35.3208828818661,35.3114395141602,0.364529251455697,36.5718574523926,33.7199020385742
"2010",12,35.1334251983192,35.1824114425031,35.177921295166,0.361085799039871,36.0789833068848,33.1705665588379
"2011",1,34.968113263688,34.9955268344306,35.0337219238281,0.356649505520959,35.94775390625,33.597827911377
"2011",2,34.7936964196858,34.8468857307152,34.8445091247559,0.434409689988511,35.9599609375,32.9004783630371
"2011",3,34.5551831690165,34.6119914889733,34.6568183898926,0.487600213238312,36.129337310791,32.9126853942871
"2011",4,34.613026200368,34.6860055506914,34.7529525756836,0.463825013299151,36.0576171875,32.9767761230469
"2011",5,34.491579367671,34.6158165883965,34.7132797241211,0.673044347887008,36.159854888916,32.1924514770508
"2011",6,34.3673898782821,34.4570853305685,34.4416656494141,0.750114584784255,36.0057373046875,32.171085357666
"2011",7,34.3697677092397,34.4578433818626,34.5133819580078,0.706284730030141,36.135440826416,32.5037384033203
"2011",8,34.8371087670734,34.9244352338577,34.9650573730469,0.562193842689402,36.3200798034668,32.7524642944336
"2011",9,35.262226211411,35.296434671687,35.3755302429199,0.428964724984771,36.4925079345703,33.5749397277832
"2011",10,35.1513107839961,35.1946046133328,35.2244644165039,0.420126951605718,36.2178421020508,33.3140068054199
"2011",11,35.2856354287091,35.3186067263285,35.3282279968262,0.38018238787672,36.3185539245605,33.4406585693359
"2011",12,35.3747848818094,35.3989999338305,35.4426727294922,0.335931786558737,36.0042114257812,32.9432067871094
"2012",1,35.1216970283713,35.1527459707886,35.2061538696289,0.464362104343332,36.0362548828125,33.0469665527344
"2012",2,34.9358784883736,34.9407257313677,35.0306701660156,0.541486094303608,35.9218101501465,32.4167594909668
"2012",3,35.0223177225675,35.0124684273335,35.1618995666504,0.599719074758089,35.953857421875,32.4915313720703
"2012",4,35.0099688388049,35.0187854109139,35.3205986022949,0.730516106292182,36.0347290039062,32.6853218078613
"2012",5,35.193671106641,35.2279350681751,35.2778701782227,0.404350748150652,35.953857421875,33.3002700805664
"2012",6,35.2683663152898,35.286835631228,35.2519302368164,0.308092091974164,36.4665679931641,33.7656784057617
"2012",7,35.4543020061587,35.4788252710633,35.4686126708984,0.245365938619029,36.5031890869141,34.7651596069336
"2012",8,35.387469136768,35.434164737833,35.4548797607422,0.26629928557875,36.3032913208008,34.5347442626953
"2012",9,35.4002946526177,35.4391624680881,35.5037078857422,0.304423303883466,36.1827430725098,34.4080924987793
"2012",10,35.2622297628508,35.2828943129509,35.3312797546387,0.316744090812248,36.0774574279785,34.1181678771973
"2012",11,35.3149374771583,35.2754391369874,35.3175468444824,0.418345911947692,36.1125526428223,33.2407608032227
"2012",12,35.2564808526896,35.2911123459915,35.3297538757324,0.305911643048544,35.9691162109375,33.863338470459
"2013",1,35.0045424524217,35.0579807364238,35.0886573791504,0.330098039592667,36.0652503967285,33.5657844543457
"2013",2,35.0939548507131,35.1296293939863,35.2183609008789,0.392378847401263,36.068302154541,33.4650726318359
"2013",3,35.0081650137131,35.0168654332569,35.1420631408691,0.462286467963788,35.8195762634277,33.4391326904297
"2013",4,35.1374048646309,35.1524195695197,35.2793960571289,0.415362652120278,35.9401245117188,33.3429985046387
"2013",5,35.2100327314179,35.2202837798699,35.3068618774414,0.373789999782512,36.068302154541,33.3231620788574
"2013",6,35.5340266605469,35.5406543795268,35.5616912841797,0.243542886418576,36.1873207092285,34.0403442382812
"2013",7,35.6605931862299,35.6637236591971,35.6517219543457,0.192152108281443,36.3658561706543,34.6324043273926
"2013",8,35.5214191366183,35.5114910233936,35.5281219482422,0.227246999714947,36.0469360351562,34.3012771606445
"2013",9,35.4329938335475,35.4141043171937,35.3862113952637,0.296237053869871,36.2331008911133,34.2097244262695
"2013",10,35.5156329296292,35.4719495378692,35.4869232177734,0.394458174228076,36.327709197998,33.947265625
"2013",11,35.5419437122334,35.5368856964988,35.5815315246582,0.28882179993974,36.3444938659668,34.2966995239258
"2013",12,35.3649968116489,35.3993202292216,35.4503021240234,0.276848130506275,35.9797973632812,34.3928337097168
"2014",1,35.0386372492194,35.0869833308677,35.1283302307129,0.343981106590785,35.9202842712402,33.7580490112305
"2014",2,34.6828387362609,34.713696140139,34.7102279663086,0.286266563358993,35.5815315246582,33.3399467468262
"2014",3,34.5248590296926,34.5998474831841,34.6018867492676,0.496018383670927,36.159854888916,32.8974266052246
"2014",4,34.5588971416555,34.6095974643751,34.4950714111328,0.504080585221059,36.1018714904785,32.6563301086426
"2014",5,35.1873634374682,35.1555268191124,35.1802101135254,0.439094578695127,36.4284172058105,33.4650726318359
"2014",6,35.533805311448,35.5381801868307,35.5342254638672,0.306088298554529,36.4680938720703,34.2143020629883
"2014",7,35.5389305838716,35.5405854680249,35.5403289794922,0.23401712828229,36.231575012207,33.9075889587402
"2014",8,35.6226280002061,35.6296680121586,35.6028938293457,0.239774974529406,36.3292350769043,34.8628196716309
"2014",9,35.6626939833928,35.6635589511915,35.6913986206055,0.243973185862334,36.2483596801758,34.0037231445312
"2014",10,35.6378524406017,35.6192753803478,35.7264938354492,0.49115869187376,36.4497833251953,33.5306854248047
"2014",11,35.737141185128,35.7121317484187,35.7524337768555,0.232568010014373,36.1980056762695,33.4864349365234
"2014",12,35.5739282087407,35.5651747343935,35.5632171630859,0.193376278933021,36.1491737365723,34.4401397705078
"2015",1,35.5015422083537,35.5087555638145,35.5250701904297,0.256644837633732,36.1613807678223,34.1868324279785
"2015",2,35.3283407036811,35.3392697597372,35.3587455749512,0.251851755043972,36.2727737426758,34.0647621154785
"2015",3,35.2677826767951,35.308896682578,35.3251762390137,0.307760752044256,36.5047149658203,33.814510345459
"2015",4,35.4157267680104,35.4516064751285,35.4579315185547,0.321864640560051,36.3063430786133,33.7473678588867
"2015",5,35.4352156888891,35.4587376198859,35.5281219482422,0.285133793997969,36.1033973693848,34.0708656311035
"2015",6,35.412076549847,35.4244356986298,35.4396209716797,0.287140108869456,36.2544631958008,33.8114547729492
"2015",7,35.8302966172309,35.8105422946052,35.8119430541992,0.282020005643483,36.5520172119141,34.7254867553711
"2015",8,35.952826386909,35.9357448308433,35.9385986328125,0.247567477380971,36.7030868530273,34.5545806884766
"2015",9,35.9550969817117,35.9616036349329,36.0072631835938,0.218350534985852,36.5016632080078,34.6125679016113
"2015",10,35.8045412884732,35.8127920783004,35.8180503845215,0.224132224507122,36.5733833312988,34.6339302062988
"2015",11,35.8038611234926,35.8253940301654,35.8012619018555,0.242452051080119,36.5398101806641,35.1207008361816
"2015",12,35.6222773686546,35.6663935318672,35.6791877746582,0.24982877894024,36.3032913208008,33.7199020385742
"2016",1,35.3256259969305,35.3497426780896,35.3968925476074,0.40585536385744,36.2590408325195,33.0378112792969
"2016",2,35.2036143078987,35.2140737093586,35.2687149047852,0.411714516711124,36.1766395568848,33.6786994934082
"2016",3,35.269564578495,35.2453411221106,35.2992324829102,0.38837684677278,35.9874267578125,33.7534713745117
"2016",4,35.3584294958214,35.3331380877002,35.3465385437012,0.314957107639437,36.6710395812988,33.8587608337402
"2016",5,35.3735725173511,35.3979595634112,35.3892631530762,0.256761813117757,36.3475456237793,33.8587608337402
"2016",6,35.3764494320193,35.417950535259,35.4503021240234,0.263027949906329,36.2697219848633,34.237190246582
"2016",7,35.2620809042829,35.2995830487091,35.3541679382324,0.26750661010386,35.9859008789062,33.700065612793
"2016",8,35.4810473141454,35.4870456841949,35.4945526123047,0.224822236837949,36.4116325378418,34.418773651123
"2016",9,35.6898315287956,35.6938330746793,35.6639289855957,0.209766253652266,36.5626983642578,34.5637397766113
"2016",10,35.5481575914195,35.5474549266998,35.5555877685547,0.194836669337429,36.2651443481445,34.4096183776855
"2016",11,35.5883989586462,35.5886119305402,35.5906867980957,0.163356410427546,36.141544342041,34.9497985839844
"2016",12,35.3026273990704,35.3453478602705,35.4289360046387,0.317726543712072,35.990478515625,33.869441986084
"2017",1,35.0977380338693,35.1213336072589,35.1374855041504,0.377325683177823,36.0484619140625,32.9752502441406
"2017",2,34.8529847169201,34.8742559207484,34.9208030700684,0.437044092880753,35.9401245117188,33.0286560058594
"2017",3,34.6744519446156,34.7018696898481,34.7651596069336,0.430931366435213,35.6624031066895,33.0225524902344
"2017",4,34.4169297031837,34.4608539403718,34.5118560791016,0.466642901008264,35.665454864502,32.9065818786621
"2017",5,34.4125893875859,34.48633432505,34.5805244445801,0.520146281415046,35.6257820129395,32.6700630187988
"2017",6,34.6800523583166,34.7442383597363,34.8094100952148,0.468778994946252,35.863826751709,32.8424949645996
"2017",7,35.2408999387577,35.2643054533588,35.3267021179199,0.421921801957331,36.1796913146973,33.8740196228027
"2017",8,35.4530923270261,35.437191706266,35.4640350341797,0.321896404226942,36.0774574279785,34.128849029541
"2017",9,35.4184746495854,35.353839543222,35.4487762451172,0.421879472292199,35.9431762695312,33.3521537780762
"2017",10,35.382894296082,35.3439926663018,35.3938407897949,0.383864469199718,36.339916229248,33.2972183227539
"2017",11,35.5135916702242,35.5203490515961,35.5296478271484,0.235528807101572,36.5306549072266,34.3791007995605
"2017",12,35.3521939065183,35.3843804103779,35.4029960632324,0.264585569796746,36.4879302978516,34.3806266784668
"2018",1,34.8286296624364,34.8798958976754,34.8796043395996,0.295980717985908,35.8623008728027,33.7900924682617
"2018",2,34.7873278653771,34.8326942711628,34.8353538513184,0.296586913456724,35.786003112793,33.6786994934082
"2018",3,34.8861895844143,34.8346139190725,34.9070701599121,0.482436579344972,35.767692565918,32.8104476928711
"2018",4,34.8771921233337,34.9209738843194,34.9665832519531,0.348272901782866,35.7158126831055,33.3796195983887
"2018",5,34.9539652140962,34.9799445157587,35.0337219238281,0.34703593738634,35.851619720459,33.7717819213867
"2018",6,34.9829419229335,34.967206861781,35.0367736816406,0.38736040545987,35.6822395324707,33.4528656005859
"2018",7,34.9626604034435,34.9615099903739,34.9787902832031,0.360448001962544,35.9614868164062,33.5535736083984
"2018",8,35.0776835483796,35.0508013265947,35.0749244689941,0.36198454890004,35.894344329834,33.7031173706055
"2018",9,35.2578297980598,35.1982757377625,35.2824478149414,0.414473195977398,36.1705360412598,33.6390266418457
"2018",10,35.4930044524103,35.4479820813698,35.5418548583984,0.34415105620813,36.0499877929688,33.5612030029297
"2018",11,35.5772637659007,35.5753085140798,35.5998420715332,0.221675764576483,36.0820350646973,33.9503173828125
"2018",12,35.18525798209,35.1914887575737,35.2458267211914,0.401874846857191,36.213264465332,33.3582572937012
"2019",1,34.8766185531607,34.9110932554896,35.0550842285156,0.571643901178599,36.339916229248,33.0423889160156
"2019",2,35.0775806768487,35.0907038265848,35.1756324768066,0.483943272687345,36.4299430847168,32.8791160583496
"2019",3,34.6403261561789,34.6572773389212,34.7300643920898,0.527373726992917,35.900447845459,32.248908996582
"2019",4,34.5865281717811,34.661596253713,34.7666854858398,0.567861176394714,36.1384925842285,32.4625396728516
"2019",5,34.7013669567251,34.7717528289099,34.8986778259277,0.579699050448316,36.0698280334473,32.369457244873
"2019",6,34.6290597605306,34.7470952560162,34.8796043395996,0.662403677855318,35.978271484375,32.4793243408203
"2019",7,35.2223560964777,35.2288368439383,35.2565078735352,0.64567001057356,36.6313667297363,32.7097396850586
"2019",8,35.7409093851721,35.7303544879357,35.7707443237305,0.326926538637756,36.6130561828613,33.8053512573242
"2019",9,35.7816375226288,35.8155204597561,35.941650390625,0.380999441917476,36.5596466064453,33.7595748901367
"2019",10,35.7511967964382,35.7729504274447,35.9813232421875,0.5614431894473,36.5932197570801,33.2712783813477
"2019",11,35.7199553330512,35.7484347808224,35.8012619018555,0.279820070129526,36.2178421020508,34.0464477539062
"2019",12,35.4254816768187,35.4441095900262,35.4930267333984,0.271483748437741,36.135440826416,34.2814407348633
"dd_sal_78_2020_2022_1",NA,35.1996497141745,35.2064497257101,35.2351455688477,0.21998060528081,35.8867149353027,34.3546867370605
"dd_sal_78_2020_2022_10",NA,35.0299521271413,35.0511921849744,35.0764503479004,0.225769073170914,35.5204925537109,34.05712890625
"dd_sal_78_2020_2022_100",NA,34.7475542879051,34.6913342574547,34.8139915466309,0.557539445759851,35.6685066223145,33.0744361877441
"dd_sal_78_2020_2022_101",NA,34.7935792580816,34.7535499046589,34.8231468200684,0.497005454080621,35.5998420715332,33.0896949768066
"dd_sal_78_2020_2022_102",NA,34.8732746348807,34.8517616271973,34.8864707946777,0.40434574671737,35.567798614502,33.4147148132324
"dd_sal_78_2020_2022_103",NA,34.8555643150554,34.8506828636959,34.8857078552246,0.390143849236655,35.6074714660645,33.6008796691895
"dd_sal_78_2020_2022_104",NA,34.8309143052001,34.8383097681506,34.8536643981934,0.38435995143126,35.573902130127,33.5550994873047
"dd_sal_78_2020_2022_105",NA,34.8707377125899,34.8991572610263,34.9162254333496,0.352424082921402,35.5586395263672,33.7046432495117
"dd_sal_78_2020_2022_106",NA,34.8624858638883,34.8844057411983,34.9024925231934,0.348087996149191,35.718864440918,33.8740196228027
"dd_sal_78_2020_2022_107",NA,34.8529989881677,34.8753081420372,34.8811302185059,0.360166646535776,35.7219161987305,33.826717376709
"dd_sal_78_2020_2022_108",NA,34.8580455400312,34.8824327008478,34.8811302185059,0.361002237739585,35.724967956543,33.8221397399902
"dd_sal_78_2020_2022_109",NA,34.85088421953,34.8828482858066,34.8811302185059,0.375657538229999,35.6761360168457,33.7702560424805
"dd_sal_78_2020_2022_11",NA,35.0233539490492,35.0513710285055,35.0779762268066,0.22860725594047,35.641040802002,34.0784950256348
"dd_sal_78_2020_2022_110",NA,34.8391125324387,34.8673522488824,34.8681602478027,0.382093030304513,35.6440925598145,33.7199020385742
"dd_sal_78_2020_2022_111",NA,34.8266006859452,34.8573232519216,34.8979148864746,0.392362295178997,35.5967903137207,33.6390266418457
"dd_sal_78_2020_2022_112",NA,34.7916444580611,34.8222218612145,34.8605308532715,0.407092050839316,35.5250701904297,33.5779914855957
"dd_sal_78_2020_2022_113",NA,34.7889329982577,34.8217402819929,34.887996673584,0.417861984577603,35.4609832763672,33.4727020263672
"dd_sal_78_2020_2022_114",NA,34.8020415317721,34.8326743816507,34.8864707946777,0.412008511614152,35.4731903076172,33.4925384521484
"dd_sal_78_2020_2022_115",NA,34.7871005413558,34.8181832412194,34.8551902770996,0.410407046574189,35.5311737060547,33.4803314208984
"dd_sal_78_2020_2022_116",NA,34.7535529070001,34.7869176930395,34.8323020935059,0.418045101657629,35.5815315246582,33.4345512390137
"dd_sal_78_2020_2022_117",NA,34.7200951451091,34.7601639780505,34.8002548217773,0.421746517929535,35.5891609191895,33.4620208740234
"dd_sal_78_2020_2022_118",NA,34.6986312908622,34.7435314441549,34.7636337280273,0.41469519980553,35.6074714660645,33.5169525146484
"dd_sal_78_2020_2022_119",NA,34.669773603006,34.7160225638028,34.7041244506836,0.400360332672577,35.6303596496582,33.5489959716797
"dd_sal_78_2020_2022_12",NA,35.0526600779554,35.095117799167,35.1275672912598,0.250502956445942,35.6501960754395,34.2219314575195
"dd_sal_78_2020_2022_120",NA,34.6307850900913,34.6733939664117,34.6583442687988,0.396749595366841,35.6257820129395,33.5016937255859
"dd_sal_78_2020_2022_121",NA,34.590737383227,34.6287818053673,34.6568183898926,0.403625412208086,35.5525360107422,33.3491020202637
"dd_sal_78_2020_2022_122",NA,34.5929943086525,34.6248170852661,34.6552925109863,0.392908028556266,35.3755302429199,33.2377090454102
"dd_sal_78_2020_2022_123",NA,34.6225083021945,34.6404287601339,34.6568183898926,0.378953608843049,35.3984184265137,33.1858253479004
"dd_sal_78_2020_2022_124",NA,34.6258924760388,34.639926357927,34.6499519348145,0.388087255566787,35.3907890319824,33.0942726135254
"dd_sal_78_2020_2022_125",NA,34.6207118694607,34.6369876203866,34.6415596008301,0.393376424485535,35.3740043640137,33.0072937011719
"dd_sal_78_2020_2022_126",NA,34.6142144818444,34.6315678497841,34.6446113586426,0.399098625756959,35.4029960632324,33.0027160644531
"dd_sal_78_2020_2022_127",NA,34.6014228228171,34.6236621067442,34.6568183898926,0.396280356658601,35.3450126647949,33.0423889160156
"dd_sal_78_2020_2022_128",NA,34.5674009449275,34.5955165271101,34.6247749328613,0.392052184882303,35.3511161804199,33.0729103088379
"dd_sal_78_2020_2022_129",NA,34.553754759336,34.59180966739,34.6263008117676,0.39654151341331,35.3648490905762,33.0408630371094
"dd_sal_78_2020_2022_13",NA,35.0133979737492,35.064933316461,35.0695838928223,0.278883583093347,35.8195762634277,33.9426879882812
"dd_sal_78_2020_2022_130",NA,34.5862237899426,34.6286158923445,34.6613960266113,0.389874411910607,35.586109161377,33.1080055236816
"dd_sal_78_2020_2022_131",NA,34.6290420953604,34.6756302866442,34.6743659973145,0.37344709734692,35.798210144043,33.3414726257324
"dd_sal_78_2020_2022_132",NA,34.6160070475954,34.6718287171989,34.6537666320801,0.392055412916388,36.0286254882812,33.4238700866699
"dd_sal_78_2020_2022_133",NA,34.5988689546042,34.658300577361,34.6354560852051,0.403799332080266,36.2285232543945,33.4009819030762
"dd_sal_78_2020_2022_134",NA,34.5966193993142,34.6619994591022,34.6568183898926,0.421303830831114,36.1827430725098,33.4147148132324
"dd_sal_78_2020_2022_135",NA,34.5935619003908,34.6656118261403,34.6476631164551,0.434006043168102,36.2208938598633,33.4971160888672
"dd_sal_78_2020_2022_136",NA,34.5842856508144,34.6623310549506,34.6415596008301,0.446519635696992,36.2636184692383,33.4727020263672
"dd_sal_78_2020_2022_137",NA,34.5794241260395,34.6623730560829,34.6476631164551,0.455751798135458,36.327709197998,33.4635467529297
"dd_sal_78_2020_2022_138",NA,34.5527213410753,34.6429991097286,34.6263008117676,0.480735828406249,36.3750114440918,33.4498138427734
"dd_sal_78_2020_2022_139",NA,34.5525450412062,34.6423124313354,34.6308784484863,0.477300732162404,36.3734855651855,33.4711761474609
"dd_sal_78_2020_2022_14",NA,34.9580544888497,35.0052171444071,35.0222778320312,0.268357390274319,35.7387008666992,33.95947265625
"dd_sal_78_2020_2022_140",NA,34.5287175498949,34.6175240154924,34.6064643859863,0.470196273656218,36.352123260498,33.4620208740234
"dd_sal_78_2020_2022_141",NA,34.4931894812085,34.5741853253595,34.5835762023926,0.44528825203259,36.274299621582,33.3674125671387
"dd_sal_78_2020_2022_142",NA,34.4715364583086,34.5438456436683,34.5851020812988,0.422227621689218,35.8546714782715,33.4147148132324
"dd_sal_78_2020_2022_143",NA,34.478615878888,34.5468580311742,34.5866279602051,0.404307595244478,35.8027877807617,33.4421844482422
"dd_sal_78_2020_2022_144",NA,34.4829800991884,34.547021175253,34.5896797180176,0.387558782916331,35.8378868103027,33.4330253601074
"dd_sal_78_2020_2022_145",NA,34.4642734384527,34.5290441578832,34.5812873840332,0.386139351898083,35.8531455993652,33.4177665710449
"dd_sal_78_2020_2022_146",NA,34.4678777983167,34.5268026615011,34.579761505127,0.357894021237893,35.7264938354492,33.3918266296387
"dd_sal_78_2020_2022_147",NA,34.4773939702826,34.5333694063384,34.579761505127,0.323632060585843,35.5494842529297,33.4223442077637
"dd_sal_78_2020_2022_148",NA,34.5016179789188,34.5509570943898,34.5851020812988,0.294366626140586,35.4518280029297,33.3750419616699
"dd_sal_78_2020_2022_149",NA,34.5133410744316,34.5570290927229,34.5957832336426,0.287022614272364,35.3938407897949,33.3567314147949
"dd_sal_78_2020_2022_15",NA,34.9380185816604,34.9820072700237,35.0077819824219,0.281076639451361,35.5998420715332,33.5642585754395
"dd_sal_78_2020_2022_150",NA,34.526075582317,34.5665372059263,34.6018867492676,0.280989913937198,35.3541679382324,33.4162406921387
"dd_sal_78_2020_2022_151",NA,34.5313348795955,34.569933647945,34.6140937805176,0.280305025224497,35.3297538757324,33.4772796630859
"dd_sal_78_2020_2022_152",NA,34.5418410902752,34.5778421467748,34.6209602355957,0.277409622023718,35.3251762390137,33.4208183288574
"dd_sal_78_2020_2022_153",NA,34.5333894255888,34.5667265398749,34.6110420227051,0.285770372248382,35.3160209655762,33.4391326904297
"dd_sal_78_2020_2022_154",NA,34.5316408726383,34.5631090558808,34.6140937805176,0.293477889928433,35.2961807250977,33.2422866821289
"dd_sal_78_2020_2022_155",NA,34.5416867755547,34.572640892555,34.6232490539551,0.293524074571959,35.2870254516602,33.1705665588379
"dd_sal_78_2020_2022_156",NA,34.5606471752812,34.5903678236337,34.6446113586426,0.294710783798113,35.2702407836914,33.3002700805664
"dd_sal_78_2020_2022_157",NA,34.5643653995354,34.5940959206943,34.6568183898926,0.308040180088729,35.2549819946289,33.2514419555664
"dd_sal_78_2020_2022_158",NA,34.5674098940207,34.596621539675,34.6690254211426,0.316530660599028,35.2381973266602,33.1736183166504
"dd_sal_78_2020_2022_159",NA,34.5619874700806,34.5927198475805,34.6736030578613,0.330498786176878,35.2183609008789,33.0805397033691
"dd_sal_78_2020_2022_16",NA,34.9193209204873,34.9627567817425,35.0032043457031,0.291384235991974,35.6456184387207,33.4849090576172
"dd_sal_78_2020_2022_160",NA,34.5407092969402,34.575729554275,34.6797065734863,0.35494292817905,35.1847877502441,32.9783020019531
"dd_sal_78_2020_2022_161",NA,34.5152566773638,34.5554558655311,34.6827583312988,0.376703236733814,35.1512184143066,32.9859313964844
"dd_sal_78_2020_2022_162",NA,34.5011367047895,34.5435642373973,34.6819953918457,0.381093765462628,35.0962867736816,33.1141090393066
"dd_sal_78_2020_2022_163",NA,34.4898654394473,34.5322908269948,34.6766548156738,0.382297725914878,35.0550842285156,33.0835914611816
"dd_sal_78_2020_2022_164",NA,34.4828723276247,34.5242770293663,34.6743659973145,0.388794079131864,35.0947608947754,32.9416809082031
"dd_sal_78_2020_2022_165",NA,34.4790961545674,34.5186100334957,34.6659736633301,0.395055518946676,35.1161231994629,32.9157371520996
"dd_sal_78_2020_2022_166",NA,34.4728772387866,34.5104253045444,34.6491889953613,0.398083686364623,35.1344337463379,32.9752502441406
"dd_sal_78_2020_2022_167",NA,34.459911559207,34.4964210378713,34.6385078430176,0.402330144851826,35.1176490783691,32.9523620605469
"dd_sal_78_2020_2022_168",NA,34.4531661570007,34.4900013561906,34.6232490539551,0.401705018023675,35.0978126525879,32.9157371520996
"dd_sal_78_2020_2022_169",NA,34.4564222990097,34.4939058303833,34.6240119934082,0.399665277661364,35.1161231994629,33.0042419433594
"dd_sal_78_2020_2022_17",NA,34.8948419818526,34.9332748150003,34.9559020996094,0.29588376620487,35.671558380127,33.7748336791992
"dd_sal_78_2020_2022_170",NA,34.4713827830695,34.5089097187437,34.634693145752,0.396602437227819,35.1283302307129,33.0240783691406
"dd_sal_78_2020_2022_171",NA,34.488864840964,34.526920884231,34.6438484191895,0.394355962803819,35.1939468383789,32.9142112731934
"dd_sal_78_2020_2022_172",NA,34.5109928478437,34.5496652208526,34.6507148742676,0.387748417266485,35.4075736999512,32.8882713317871
"dd_sal_78_2020_2022_173",NA,34.523340726778,34.5623304893231,34.659107208252,0.390139347671443,35.5876350402832,32.8211326599121
"dd_sal_78_2020_2022_174",NA,34.5371727570764,34.5757900895744,34.659107208252,0.394947182782424,35.749382019043,32.7249984741211
"dd_sal_78_2020_2022_175",NA,34.5535533834682,34.5911362286272,34.6598701477051,0.403062730042967,35.8729820251465,32.6075019836426
"dd_sal_78_2020_2022_176",NA,34.5682865102716,34.6057377519279,34.6598701477051,0.406285341157976,35.9019737243652,32.5968208312988
"dd_sal_78_2020_2022_177",NA,34.5838225581437,34.6221281314718,34.6690254211426,0.397344847835589,35.9141807556152,32.6975326538086
"dd_sal_78_2020_2022_178",NA,34.5861529186762,34.6274531331556,34.6697883605957,0.391866569802731,35.8684043884277,32.7036361694336
"dd_sal_78_2020_2022_179",NA,34.5897225164813,34.6349539197724,34.6659736633301,0.386165202647397,35.798210144043,32.7341537475586
"dd_sal_78_2020_2022_18",NA,34.7879842576626,34.8111298725523,34.8628196716309,0.336842401366586,35.6379890441895,33.2911148071289
"dd_sal_78_2020_2022_180",NA,34.5990321666847,34.6477796620336,34.6552925109863,0.38131426053319,35.7600631713867,32.7173690795898
"dd_sal_78_2020_2022_181",NA,34.6054388671696,34.6572665970901,34.6537666320801,0.372035751294535,35.773796081543,32.7753524780273
"dd_sal_78_2020_2022_182",NA,34.625696847113,34.6791637749508,34.6598701477051,0.356591090714702,35.724967956543,32.9783020019531
"dd_sal_78_2020_2022_183",NA,34.6575372128327,34.709374381756,34.659107208252,0.354211630572535,35.9431762695312,33.5932502746582
"dd_sal_78_2020_2022_184",NA,34.691977749756,34.7393061999617,34.6552925109863,0.380732968358525,36.074405670166,33.8480796813965
"dd_sal_78_2020_2022_185",NA,34.7204568468066,34.7645260514884,34.6751289367676,0.415483186628485,36.0301513671875,33.881649017334
"dd_sal_78_2020_2022_186",NA,34.7479077629654,34.7901878159622,34.6720771789551,0.448561185659073,35.9996337890625,34.0540771484375
"dd_sal_78_2020_2022_187",NA,34.7822236761011,34.8205327593047,34.6667366027832,0.481392000045846,36.0820350646973,34.171573638916
"dd_sal_78_2020_2022_188",NA,34.8204856062042,34.8584072310349,34.6858100891113,0.516580451356758,36.2102127075195,34.2158279418945
"dd_sal_78_2020_2022_189",NA,34.8581055684544,34.8911779009063,34.6903915405273,0.540620788264963,36.1919021606445,34.1898880004883
"dd_sal_78_2020_2022_19",NA,34.7973237960565,34.8116454420419,34.8643455505371,0.331879481522793,35.5723762512207,33.3292655944824
"dd_sal_78_2020_2022_190",NA,34.8813350134599,34.9055689318427,34.6842842102051,0.549343380126732,36.1613807678223,34.183780670166
"dd_sal_78_2020_2022_191",NA,34.894978814512,34.9098573092757,34.6995468139648,0.550444310561424,36.1934280395508,34.1868324279785
"dd_sal_78_2020_2022_192",NA,34.8927224379984,34.9028352868968,34.7392196655273,0.544405513975586,36.184268951416,34.1730995178223
"dd_sal_78_2020_2022_193",NA,34.8730237853219,34.8829010799013,34.7254867553711,0.537023278051932,36.1491737365723,34.1502113342285
"dd_sal_78_2020_2022_194",NA,34.8533139778523,34.861872192909,34.7117538452148,0.53000366543032,36.104923248291,34.1273231506348
"dd_sal_78_2020_2022_195",NA,34.8404499747265,34.8464944510624,34.7178573608398,0.521153326607944,36.0545654296875,34.1090126037598
"dd_sal_78_2020_2022_196",NA,34.8333505600838,34.836991658704,34.7117538452148,0.512959183989109,35.9920043945312,34.0891761779785
"dd_sal_78_2020_2022_197",NA,34.8219815791873,34.8259759968725,34.6964950561523,0.50463870356868,35.9553833007812,34.080020904541
"dd_sal_78_2020_2022_198",NA,34.793830333698,34.8015559163587,34.6636848449707,0.491804717180367,35.8958702087402,34.0784950256348
"dd_sal_78_2020_2022_199",NA,34.7676294474435,34.7788907807449,34.6339302062988,0.479183189461931,35.8302574157715,34.073917388916
"dd_sal_78_2020_2022_2",NA,35.1982790854484,35.204082008888,35.2328567504883,0.21607109251838,35.9447021484375,34.1486854553223
"dd_sal_78_2020_2022_20",NA,34.787056819374,34.7930080413818,34.8773155212402,0.318512298973743,35.4991302490234,33.4879608154297
"dd_sal_78_2020_2022_200",NA,34.7529504685752,34.7669911746321,34.6301155090332,0.471871026055091,35.7600631713867,34.0617065429688
"dd_sal_78_2020_2022_201",NA,34.7406878626861,34.7553914892262,34.6118049621582,0.46939479765336,35.7234420776367,34.044921875
"dd_sal_78_2020_2022_202",NA,34.7330452203299,34.7489141398463,34.6110420227051,0.468430773027213,35.7264938354492,34.0372924804688
"dd_sal_78_2020_2022_203",NA,34.7312953381977,34.7461569227021,34.6087532043457,0.471667200268697,35.749382019043,34.0342407226562
"dd_sal_78_2020_2022_204",NA,34.7379020908759,34.7494061371376,34.6049385070801,0.478017117390906,35.7951583862305,34.038818359375
"dd_sal_78_2020_2022_205",NA,34.7623743423323,34.7725844613437,34.5988349914551,0.499208021752465,36.0255737304688,34.0464477539062
"dd_sal_78_2020_2022_206",NA,34.7972656397858,34.8074940056636,34.5912055969238,0.529754162714696,36.0484619140625,34.0556030273438
"dd_sal_78_2020_2022_207",NA,34.8245789360259,34.8334057117331,34.5851020812988,0.545930238819606,36.02099609375,34.067813873291
"dd_sal_78_2020_2022_208",NA,34.8384984283328,34.8440319521674,34.5805244445801,0.544760433642358,35.9645385742188,34.0769691467285
"dd_sal_78_2020_2022_209",NA,34.8415033743265,34.8461603953921,34.5851020812988,0.53664310027984,35.9706420898438,34.086124420166
"dd_sal_78_2020_2022_21",NA,34.7577019100011,34.7432629815463,34.7972030639648,0.343122825717317,35.3434867858887,33.4284477233887
"dd_sal_78_2020_2022_210",NA,34.8384842033364,34.844687054075,34.5957832336426,0.525856083491698,35.9828491210938,34.0968055725098
"dd_sal_78_2020_2022_211",NA,34.8356574735316,34.8430874002391,34.6003608703613,0.517650378124583,35.9614868164062,34.0952796936035
"dd_sal_78_2020_2022_212",NA,34.8273053562416,34.8358340559335,34.5988349914551,0.509353462369961,35.9172325134277,34.0937538146973
"dd_sal_78_2020_2022_213",NA,34.8179637232255,34.825789333212,34.5973091125488,0.502550265993566,35.8500938415527,34.0876502990723
"dd_sal_78_2020_2022_214",NA,34.8083410158712,34.8159128189087,34.5942573547363,0.496198775729717,35.8119430541992,34.0845985412598
"dd_sal_78_2020_2022_215",NA,34.8065352981345,34.8143001030231,34.598072052002,0.49396680588723,35.810417175293,34.0784950256348
"dd_sal_78_2020_2022_216",NA,34.8164667348521,34.8250051498413,34.6148567199707,0.495218576462652,35.8317832946777,34.086124420166
"dd_sal_78_2020_2022_217",NA,34.833638972092,34.8439477197055,34.6369819641113,0.497822580232886,35.8806114196777,34.1013832092285
"dd_sal_78_2020_2022_218",NA,34.8491802345208,34.8646003986227,34.6583442687988,0.496534045796441,35.8912925720215,34.1151161193848
"dd_sal_78_2020_2022_219",NA,34.8589432121427,34.876623607504,34.6629219055176,0.49174031571635,35.9080772399902,34.128849029541
"dd_sal_78_2020_2022_22",NA,34.7349958096051,34.7005844247752,34.7697372436523,0.380526143654806,35.3007583618164,33.1919326782227
"dd_sal_78_2020_2022_220",NA,34.8566356746459,34.8755185620538,34.665210723877,0.479434248550155,35.9141807556152,34.1486854553223
"dd_sal_78_2020_2022_221",NA,34.8419146101075,34.863895238679,34.6674995422363,0.463993486991661,35.8989219665527,34.1364784240723
"dd_sal_78_2020_2022_222",NA,34.8189661293084,34.8442793352851,34.6575813293457,0.442325480938399,35.8592491149902,34.134952545166
"dd_sal_78_2020_2022_223",NA,34.7979910972335,34.8251210508675,34.6613960266113,0.420867856153826,35.8287315368652,34.1319007873535
"dd_sal_78_2020_2022_224",NA,34.7797272480361,34.8069808236484,34.6644477844238,0.399400857880045,35.8012619018555,34.0998573303223
"dd_sal_78_2020_2022_225",NA,34.7640939211131,34.7925423720787,34.6690254211426,0.381566225307459,35.7295455932617,34.051025390625
"dd_sal_78_2020_2022_226",NA,34.7551592993091,34.7867649670305,34.6812324523926,0.372599581141218,35.7219161987305,33.5963020324707
"dd_sal_78_2020_2022_227",NA,34.7524841537154,34.7866808332246,34.7018356323242,0.368024611288915,35.718864440918,33.4330253601074
"dd_sal_78_2020_2022_228",NA,34.74293194032,34.7778462837482,34.7132797241211,0.361372895299087,35.6975021362305,33.3552055358887
"dd_sal_78_2020_2022_229",NA,34.7320155475697,34.7674488528021,34.7178573608398,0.358508510440708,35.724967956543,33.3933525085449
"dd_sal_78_2020_2022_23",NA,34.7152583163758,34.6784506633364,34.7354049682617,0.3942095505009,35.3022842407227,33.0561218261719
"dd_sal_78_2020_2022_230",NA,34.7458307365736,34.7807875600354,34.724723815918,0.34763585569343,35.7478561401367,33.646656036377
"dd_sal_78_2020_2022_231",NA,34.7606428904518,34.7953918193949,34.7453231811523,0.332893625392085,35.7341232299805,33.893856048584
"dd_sal_78_2020_2022_232",NA,34.7661678052893,34.7993249169711,34.7804183959961,0.338402909161728,35.706657409668,33.6146125793457
"dd_sal_78_2020_2022_233",NA,34.7613536352632,34.7933370787522,34.7964401245117,0.349554583366778,35.6624031066895,33.3262138366699
"dd_sal_78_2020_2022_234",NA,34.7492696065157,34.782731832307,34.8109359741211,0.365124328028193,35.6151008605957,33.1095314025879
"dd_sal_78_2020_2022_235",NA,34.7374404644799,34.7743129598683,34.8109359741211,0.380038985218465,35.5662727355957,32.9493103027344
"dd_sal_78_2020_2022_236",NA,34.7235171084595,34.7635893525748,34.804069519043,0.389051634882266,35.5494842529297,32.8623313903809
"dd_sal_78_2020_2022_237",NA,34.7129538513426,34.7552861772735,34.791862487793,0.384626777634221,35.5494842529297,32.8638572692871
"dd_sal_78_2020_2022_238",NA,34.7095018755027,34.7537629686553,34.7682113647461,0.375496163547669,35.5372772216797,32.8745384216309
"dd_sal_78_2020_2022_239",NA,34.7162252784743,34.762250328064,34.755241394043,0.359669967965692,35.5326995849609,32.9691467285156
"dd_sal_78_2020_2022_24",NA,34.7131271282418,34.6802395919274,34.7193832397461,0.39493700952746,35.2854995727539,33.2132949829102
"dd_sal_78_2020_2022_240",NA,34.7234946585117,34.7702641191154,34.7659225463867,0.346061477997409,35.5388031005859,33.0500183105469
"dd_sal_78_2020_2022_241",NA,34.7304703372929,34.7781882845122,34.7773666381836,0.33777294686996,35.5418548583984,33.1186866760254
"dd_sal_78_2020_2022_242",NA,34.7284334101509,34.7766123673012,34.7804183959961,0.32885504579032,35.5388031005859,33.2163467407227
"dd_sal_78_2020_2022_243",NA,34.7315415069965,34.7794800857018,34.7804183959961,0.316077424530993,35.5326995849609,33.4604949951172
"dd_sal_78_2020_2022_244",NA,34.7353596739078,34.7821687895676,34.7849960327148,0.303415429541231,35.5174407958984,33.712272644043
"dd_sal_78_2020_2022_245",NA,34.7336167481167,34.7810242751549,34.7941513061523,0.300058291282453,35.5006561279297,33.8496055603027
"dd_sal_78_2020_2022_246",NA,34.7305705992282,34.7795406210011,34.791862487793,0.302391930358585,35.5052337646484,34.0037231445312
"dd_sal_78_2020_2022_247",NA,34.7355394373395,34.7862415379491,34.7895736694336,0.311349543223218,35.5235443115234,34.1792030334473
"dd_sal_78_2020_2022_248",NA,34.7447725168343,34.7970019702254,34.8017807006836,0.32392400356964,35.5662727355957,34.1822547912598
"dd_sal_78_2020_2022_249",NA,34.7529068576258,34.8062496579927,34.8094100952148,0.340265669215439,35.6273078918457,34.1639442443848
"dd_sal_78_2020_2022_25",NA,34.6717181944777,34.6472665786743,34.6934432983398,0.399934040515566,35.2839736938477,33.2071914672852
"dd_sal_78_2020_2022_250",NA,34.7524561027407,34.8077388039951,34.814754486084,0.354098477810027,35.6746101379395,34.1319007873535
"dd_sal_78_2020_2022_251",NA,34.7474967993175,34.8039266520533,34.8116989135742,0.360037850705103,35.683765411377,34.1074867248535
"dd_sal_78_2020_2022_252",NA,34.7452998446181,34.8014956770272,34.8185691833496,0.367766253013044,35.6852912902832,34.0891761779785
"dd_sal_78_2020_2022_253",NA,34.7440538653199,34.7989408887666,34.8124618530273,0.377837021719265,35.6898727416992,34.0464477539062
"dd_sal_78_2020_2022_254",NA,34.7476410603273,34.8008402988828,34.8078842163086,0.3859313740787,35.7341232299805,33.9716796875
"dd_sal_78_2020_2022_255",NA,34.760560119822,34.8113429365487,34.7933883666992,0.398626503308577,35.7356491088867,33.9823608398438
"dd_sal_78_2020_2022_256",NA,34.7724069562484,34.8214087979547,34.7941513061523,0.409524292544684,35.718864440918,33.9762573242188
"dd_sal_78_2020_2022_257",NA,34.7841558350948,34.8293199210331,34.7712631225586,0.4218786858335,35.7417526245117,33.9854125976562
"dd_sal_78_2020_2022_258",NA,34.7925429093606,34.8371100327064,34.7422714233398,0.428900371868685,35.7509078979492,34.0037231445312
"dd_sal_78_2020_2022_259",NA,34.7964181650773,34.8433006878557,34.7697372436523,0.431547291633898,35.779899597168,34.0113525390625
"dd_sal_78_2020_2022_26",NA,34.6585563038602,34.6395053074278,34.6842842102051,0.409469123232012,35.2641372680664,33.1339454650879
"dd_sal_78_2020_2022_260",NA,34.791912167744,34.8393409729004,34.7514266967773,0.43272612271345,35.7600631713867,34.014404296875
"dd_sal_78_2020_2022_261",NA,34.7877030105219,34.8320217921816,34.7193832397461,0.429836008529537,35.8363609313965,34.00830078125
"dd_sal_78_2020_2022_262",NA,34.7766532059891,34.8218823400037,34.6827583312988,0.42199173567907,35.8302574157715,34.0250854492188
"dd_sal_78_2020_2022_263",NA,34.7686601026112,34.8145157781141,34.6766548156738,0.417827967510845,35.7768478393555,34.067813873291
"dd_sal_78_2020_2022_264",NA,34.7657548659811,34.8081884647238,34.6827583312988,0.423216492761041,36.0438842773438,34.0006713867188
"dd_sal_78_2020_2022_265",NA,34.7697737271067,34.8099090905025,34.6919174194336,0.431972686112595,36.2819290161133,33.9045372009277
"dd_sal_78_2020_2022_266",NA,34.7791941249612,34.8158996516261,34.6934432983398,0.45228752822866,36.4482574462891,33.9106407165527
"dd_sal_78_2020_2022_267",NA,34.8019910586498,34.8352999456998,34.6964950561523,0.485999993982085,36.437572479248,33.9045372009277
"dd_sal_78_2020_2022_268",NA,34.8384660468397,34.8635953311262,34.6789436340332,0.522708550382222,36.4177360534668,34.171573638916
"dd_sal_78_2020_2022_269",NA,34.8435673053256,34.8631164287699,34.6736030578613,0.54201770602512,36.3689079284668,34.05712890625
"dd_sal_78_2020_2022_27",NA,34.6691305925651,34.6595765672881,34.7025985717773,0.409724494237115,35.2458267211914,32.9554138183594
"dd_sal_78_2020_2022_270",NA,34.837225320146,34.8525272237843,34.6690254211426,0.55054878729648,36.3185539245605,33.5627288818359
"dd_sal_78_2020_2022_271",NA,34.8172041270139,34.8333741418247,34.6491889953613,0.547153442860518,36.3231315612793,33.4070854187012
"dd_sal_78_2020_2022_272",NA,34.8023556272054,34.8195171158889,34.6301155090332,0.544134988679847,36.3032913208008,33.6497077941895
"dd_sal_78_2020_2022_273",NA,34.7832335501824,34.8012691892427,34.6034126281738,0.541563487377322,36.2788772583008,33.9274253845215
"dd_sal_78_2020_2022_274",NA,34.7744466125819,34.7904613297561,34.5721321105957,0.544966161194868,36.2483596801758,34.098331451416
"dd_sal_78_2020_2022_275",NA,34.776363159455,34.7894302105082,34.5667915344238,0.551560321878467,36.2147903442383,34.2112503051758
"dd_sal_78_2020_2022_276",NA,34.773760806663,34.7866598260814,34.5820503234863,0.552448656754351,36.1919021606445,34.1883583068848
"dd_sal_78_2020_2022_277",NA,34.7647067514309,34.7790774378283,34.5698432922363,0.546154392908367,36.1644325256348,34.2020950317383
"dd_sal_78_2020_2022_278",NA,34.7509368720978,34.7700850519641,34.5645027160645,0.529566937635185,36.147647857666,34.2020950317383
"dd_sal_78_2020_2022_279",NA,34.7328417414956,34.7608952555163,34.5683174133301,0.506437563167972,36.123233795166,34.2036209106445
"dd_sal_78_2020_2022_28",NA,34.6771828120549,34.6697265690771,34.7224349975586,0.396080582548596,35.2565078735352,32.8318138122559
"dd_sal_78_2020_2022_280",NA,34.7278731384832,34.7649916813291,34.5820503234863,0.492029417102215,36.0957679748535,34.1975173950195
"dd_sal_78_2020_2022_281",NA,34.7510950148218,34.7911851159458,34.5805244445801,0.490225883588364,36.0667762756348,34.1257972717285
"dd_sal_78_2020_2022_282",NA,34.7950112579555,34.835639519527,34.5965461730957,0.482697436146279,36.0576171875,34.2020950317383
"dd_sal_78_2020_2022_283",NA,34.8307650624956,34.8709120059835,34.6552925109863,0.46723168667072,36.0179443359375,34.2600784301758
"dd_sal_78_2020_2022_284",NA,34.8566464426737,34.895124146034,34.7392196655273,0.452306967933798,35.9508056640625,34.2646560668945
"dd_sal_78_2020_2022_285",NA,34.8782432775529,34.9118199315564,34.8406944274902,0.430081920942032,35.9019737243652,34.3073806762695
"dd_sal_78_2020_2022_286",NA,34.8696615231347,34.9019671999175,34.8193321228027,0.409008495843305,35.8623008728027,34.3256950378418
"dd_sal_78_2020_2022_287",NA,34.8590840387754,34.8858319052335,34.8193321228027,0.401218922597897,35.9508056640625,34.333324432373
"dd_sal_78_2020_2022_288",NA,34.8638639774256,34.8867815083471,34.820858001709,0.399913908704666,36.0103149414062,34.2814407348633
"dd_sal_78_2020_2022_289",NA,34.8720262123114,34.8967394269746,34.8551902770996,0.402013314004475,36.027099609375,34.2387161254883
"dd_sal_78_2020_2022_29",NA,34.6597522450788,34.6487503380611,34.6858100891113,0.390704937437893,35.2778701782227,32.6899032592773
"dd_sal_78_2020_2022_290",NA,34.8860815220856,34.9104702719327,34.8551902770996,0.40192293551762,35.8851890563965,34.2448196411133
"dd_sal_78_2020_2022_291",NA,34.9025008592304,34.9244165683615,34.8704490661621,0.396976238475328,35.8409385681152,34.2951736450195
"dd_sal_78_2020_2022_292",NA,34.9170225970667,34.9376159404886,34.8704490661621,0.393989021593101,36.002685546875,34.3531608581543
"dd_sal_78_2020_2022_293",NA,34.9314359271698,34.9458110743556,34.8780784606934,0.389935126022228,35.8714561462402,34.3684196472168
"dd_sal_78_2020_2022_294",NA,34.9487925874841,34.9573450285813,34.8803672790527,0.377858314366103,35.7387008666992,34.3302726745605
"dd_sal_78_2020_2022_295",NA,34.967713137839,34.9739277346381,34.8956260681152,0.367392816451885,35.706657409668,34.267707824707
"dd_sal_78_2020_2022_296",NA,34.9827787812832,34.988473905366,34.9146995544434,0.35841464229582,35.7051315307617,34.1746253967285
"dd_sal_78_2020_2022_297",NA,34.995915774979,34.9998736019792,34.924617767334,0.352894185165285,35.6578254699707,34.098331451416
"dd_sal_78_2020_2022_298",NA,35.0127355648522,35.0109760679048,34.9360618591309,0.348821101124873,35.7890548706055,34.0769691467285
"dd_sal_78_2020_2022_299",NA,35.031612650699,35.0231518712537,34.947509765625,0.348340645895988,35.882137298584,34.194465637207
"dd_sal_78_2020_2022_3",NA,35.1842681618353,35.1930110799855,35.2290420532227,0.216561196950317,35.8684043884277,33.9808349609375
"dd_sal_78_2020_2022_30",NA,34.6255144478148,34.6123043718009,34.6507148742676,0.404950494995059,35.2931289672852,32.7097396850586
"dd_sal_78_2020_2022_300",NA,35.0427804759045,35.0285163155917,34.959716796875,0.350380562774411,35.9294395446777,34.1502113342285
"dd_sal_78_2020_2022_301",NA,35.0762146411024,35.0524338886656,34.9955749511719,0.349256392107159,36.0179443359375,34.141056060791
"dd_sal_78_2020_2022_302",NA,35.0998820144065,35.0762592644527,35.0253295898438,0.347239832882754,36.086612701416,34.0464477539062
"dd_sal_78_2020_2022_303",NA,35.1154460878378,35.0878301686254,35.0466918945312,0.334369515303098,35.8973960876465,33.845027923584
"dd_sal_78_2020_2022_304",NA,35.0993566238467,35.0648676970909,35.0215148925781,0.319877404217788,35.792106628418,33.7717819213867
"dd_sal_78_2020_2022_305",NA,35.0727337768487,35.0278665739914,34.9757385253906,0.325695569153685,35.641040802002,33.9014854431152
"dd_sal_78_2020_2022_306",NA,35.0716011643905,35.0280138804995,34.9894714355469,0.310345533365625,35.5998420715332,33.8007736206055
"dd_sal_78_2020_2022_307",NA,35.0948001320467,35.0579035989169,35.0276184082031,0.278786247438577,35.5876350402832,34.086124420166
"dd_sal_78_2020_2022_308",NA,35.137812819539,35.1096798206198,35.1222267150879,0.250732840841725,35.5571136474609,34.2524490356445
"dd_sal_78_2020_2022_309",NA,35.1125617002835,35.102663329552,35.1237525939941,0.260379301536291,35.5479583740234,33.8862266540527
"dd_sal_78_2020_2022_31",NA,34.6031485331206,34.5877712249756,34.628589630127,0.418495511901316,35.3053359985352,32.7356796264648
"dd_sal_78_2020_2022_310",NA,35.085922139478,35.0839626904192,35.1390113830566,0.279324274137714,35.5845832824707,33.664966583252
"dd_sal_78_2020_2022_311",NA,35.0773516038776,35.0818973935884,35.1268043518066,0.271680167311992,35.592212677002,33.7595748901367
"dd_sal_78_2020_2022_312",NA,35.0826554920082,35.0889587205032,35.1390113830566,0.261203054241735,35.6013679504395,33.8724937438965
"dd_sal_78_2020_2022_313",NA,35.0625089006519,35.0725893744107,35.1237525939941,0.26382403827229,35.5326995849609,33.906063079834
"dd_sal_78_2020_2022_314",NA,35.0410392655841,35.0533783616691,35.0932350158691,0.24153268850426,35.4640350341797,34.0052490234375
"dd_sal_78_2020_2022_315",NA,35.0441720234128,35.0568090701925,35.0733985900879,0.216161402692192,35.4899749755859,34.104434967041
"dd_sal_78_2020_2022_316",NA,35.0478185488104,35.0607580184937,35.074161529541,0.211580273222705,35.5174407958984,34.0952796936035
"dd_sal_78_2020_2022_317",NA,35.0616201522877,35.0739863099723,35.0917091369629,0.211669032656105,35.5464324951172,34.0235595703125
"dd_sal_78_2020_2022_318",NA,35.0661471763183,35.0774011875021,35.0962867736816,0.215732326485759,35.5952644348145,33.9930419921875
"dd_sal_78_2020_2022_319",NA,35.0626245116939,35.0774644062437,35.0962867736816,0.233064323576227,35.6212043762207,33.8862266540527
"dd_sal_78_2020_2022_32",NA,34.608041491686,34.5859428011138,34.6369819641113,0.417023114313045,35.3160209655762,32.9599914550781
"dd_sal_78_2020_2022_320",NA,35.0628778111969,35.0814581246212,35.1031532287598,0.24364001365918,35.7234420776367,33.9152183532715
"dd_sal_78_2020_2022_321",NA,35.0842605792585,35.1059281842462,35.1275672912598,0.24433724245265,35.792106628418,34.1959915161133
"dd_sal_78_2020_2022_322",NA,35.1091430188046,35.1346866278813,35.1527442932129,0.244101234119181,35.8256797790527,34.298225402832
"dd_sal_78_2020_2022_323",NA,35.1367615416786,35.1625293205524,35.1802101135254,0.249297516818207,35.8180503845215,34.400463104248
"dd_sal_78_2020_2022_324",NA,35.1445563309401,35.1658891546315,35.1817359924316,0.246148238043325,35.7341232299805,34.3958854675293
"dd_sal_78_2020_2022_325",NA,35.1748459661108,35.1981728257804,35.2290420532227,0.246995677971963,35.737174987793,34.2997512817383
"dd_sal_78_2020_2022_326",NA,35.19415527487,35.2241372799051,35.2786331176758,0.258013232805133,35.724967956543,34.2448196411133
"dd_sal_78_2020_2022_327",NA,35.1895499502103,35.2160237410973,35.2702407836914,0.264817690215391,35.7539596557617,34.0754432678223
"dd_sal_78_2020_2022_328",NA,35.1859744529144,35.2093305982392,35.2626113891602,0.278964093034744,35.724967956543,33.9716796875
"dd_sal_78_2020_2022_329",NA,35.2081071324808,35.2325168214995,35.2732925415039,0.272861667736035,35.798210144043,34.1669960021973
"dd_sal_78_2020_2022_33",NA,34.5860034684031,34.5607517834367,34.6179084777832,0.428261794626151,35.3160209655762,32.9920349121094
"dd_sal_78_2020_2022_330",NA,35.217175253306,35.2419670433834,35.2809219360352,0.265848829130464,35.8073654174805,34.3028030395508
"dd_sal_78_2020_2022_331",NA,35.2346063789395,35.2593415687824,35.304573059082,0.267773098416391,35.7829513549805,34.1898880004883
"dd_sal_78_2020_2022_332",NA,35.252545299978,35.2765501680045,35.3144950866699,0.266671282526593,35.7875289916992,34.2448196411133
"dd_sal_78_2020_2022_333",NA,35.2646501158368,35.2857768091662,35.3251762390137,0.252611309727722,35.7646408081055,34.3317985534668
"dd_sal_78_2020_2022_334",NA,35.2851772292769,35.304516858068,35.3404350280762,0.238443397654657,35.7509078979492,34.400463104248
"dd_sal_78_2020_2022_335",NA,35.3019558621048,35.3211046679267,35.3495903015137,0.219979312992695,35.7295455932617,34.4889678955078
"dd_sal_78_2020_2022_336",NA,35.3391871315237,35.3626204128923,35.3953666687012,0.222677550196858,35.7173385620117,34.3913078308105
"dd_sal_78_2020_2022_337",NA,35.3964174848279,35.4204686395053,35.4594573974609,0.209790949254272,35.706657409668,34.4340324401855
"dd_sal_78_2020_2022_338",NA,35.4098662756991,35.4297032126065,35.4792938232422,0.200995224446675,35.7158126831055,34.3745231628418
"dd_sal_78_2020_2022_339",NA,35.4025582864542,35.4224340307302,35.4686126708984,0.214512436601509,35.7158126831055,34.2402420043945
"dd_sal_78_2020_2022_34",NA,34.6168527042168,34.5845562967761,34.6339302062988,0.429336964220842,35.3297538757324,33.0790138244629
"dd_sal_78_2020_2022_340",NA,35.3885174798514,35.4118999283889,35.4701385498047,0.237185426823145,35.7234420776367,34.218879699707
"dd_sal_78_2020_2022_341",NA,35.4356581824985,35.4547099672515,35.5105743408203,0.208563200062943,35.7081832885742,34.5820503234863
"dd_sal_78_2020_2022_342",NA,35.4478122159726,35.4662727224416,35.5006561279297,0.190555585688498,35.7295455932617,34.6171455383301
"dd_sal_78_2020_2022_343",NA,35.4158007865903,35.4349202780888,35.4701385498047,0.204625191735342,35.7692184448242,34.6247749328613
"dd_sal_78_2020_2022_344",NA,35.3783917050524,35.4001554226053,35.4510650634766,0.228066526912003,35.7905807495117,34.8002548217773
"dd_sal_78_2020_2022_345",NA,35.3899032326238,35.4131232491855,35.4487762451172,0.213175711424158,35.8165245056152,34.8643455505371
"dd_sal_78_2020_2022_346",NA,35.3686375404519,35.391691951094,35.4289360046387,0.207174240670616,35.7112350463867,34.7590560913086
"dd_sal_78_2020_2022_347",NA,35.3631561942567,35.3856329424628,35.4258842468262,0.208481117986291,35.683765411377,34.6827583312988
"dd_sal_78_2020_2022_348",NA,35.3539346549659,35.3752934357216,35.4113883972168,0.211085474549921,35.6746101379395,34.6690254211426
"dd_sal_78_2020_2022_349",NA,35.3521118268159,35.370936623935,35.3923149108887,0.195507760895229,35.6730842590332,34.8597679138184
"dd_sal_78_2020_2022_35",NA,34.6358207849541,34.602580622969,34.6598701477051,0.429045435216301,35.3358573913574,33.0301818847656
"dd_sal_78_2020_2022_350",NA,35.3376234917426,35.3529596131423,35.3648490905762,0.187112979736045,35.6700325012207,34.8200950622559
"dd_sal_78_2020_2022_351",NA,35.32623432019,35.3407233468417,35.3389091491699,0.187867739596541,35.7264938354492,34.7483749389648
"dd_sal_78_2020_2022_352",NA,35.2712585514804,35.292685508728,35.2732925415039,0.206696854143724,35.7081832885742,34.6064643859863
"dd_sal_78_2020_2022_353",NA,35.2596301630368,35.2788496543621,35.2610855102539,0.189288855935331,35.665454864502,34.5377960205078
"dd_sal_78_2020_2022_354",NA,35.2095966218198,35.2378022358335,35.2153091430664,0.205775571062734,35.7081832885742,34.4996490478516
"dd_sal_78_2020_2022_355",NA,35.2010040388857,35.2298700529954,35.2198867797852,0.21114897142725,35.6868171691895,34.4508209228516
"dd_sal_78_2020_2022_356",NA,35.2087954487312,35.23615277389,35.2420120239258,0.200172058473767,35.616626739502,34.5942573547363
"dd_sal_78_2020_2022_357",NA,35.2236673323894,35.2486231310614,35.2412490844727,0.188137306026871,35.6791877746582,34.6919174194336
"dd_sal_78_2020_2022_358",NA,35.2355205230935,35.2557055374672,35.2473526000977,0.192136539114638,35.6547737121582,34.5515289306641
"dd_sal_78_2020_2022_359",NA,35.2038579260857,35.2269603071542,35.2214126586914,0.206785548430937,35.6273078918457,34.3028030395508
"dd_sal_78_2020_2022_36",NA,34.6299984266486,34.5977344644481,34.683521270752,0.431623607755273,35.3343315124512,33.0195007324219
"dd_sal_78_2020_2022_360",NA,35.1955476902306,35.2291308107047,35.2107315063477,0.225911420041914,35.7768478393555,34.1898880004883
"dd_sal_78_2020_2022_361",NA,35.231197897368,35.2715910549822,35.2671890258789,0.249585528808351,35.8745079040527,34.3684196472168
"dd_sal_78_2020_2022_362",NA,35.2110560116141,35.2556398325953,35.2542190551758,0.248310467346072,35.845516204834,34.5072784423828
"dd_sal_78_2020_2022_363",NA,35.1954315080901,35.2402700358424,35.219123840332,0.244254999104761,35.8348350524902,34.4889678955078
"dd_sal_78_2020_2022_364",NA,35.2046040757386,35.2460001781069,35.2511672973633,0.249646442135884,35.9202842712402,34.4111442565918
"dd_sal_78_2020_2022_365",NA,35.1876500441602,35.2244267036175,35.2626113891602,0.262830202972389,36.0606689453125,34.3073806762695
"dd_sal_78_2020_2022_366",NA,35.2059529675717,35.2418933079161,35.2916030883789,0.278789539272429,36.068302154541,34.3363761901855
"dd_sal_78_2020_2022_37",NA,34.6160384520796,34.5867687883048,34.6903915405273,0.454392881973458,35.3770561218262,33.0164489746094
"dd_sal_78_2020_2022_38",NA,34.6535309632167,34.6356352444353,34.7109909057617,0.450867321426157,35.3877372741699,32.9859313964844
"dd_sal_78_2020_2022_39",NA,34.8046903879597,34.8054233748337,34.8735008239746,0.419111970440672,35.4365653991699,33.3414726257324
"dd_sal_78_2020_2022_4",NA,35.1550808454192,35.1679280774347,35.2153091430664,0.227887257804929,35.7097091674805,33.9579467773438
"dd_sal_78_2020_2022_40",NA,34.78731383915,34.8140054045052,34.9024925231934,0.427607203216529,35.4945526123047,33.1278419494629
"dd_sal_78_2020_2022_41",NA,34.7417307472897,34.7694880189567,34.8597679138184,0.443482031185448,35.5418548583984,33.1766700744629
"dd_sal_78_2020_2022_42",NA,34.7612313401219,34.7997774321457,34.9192771911621,0.473898287297648,35.616626739502,32.8318138122559
"dd_sal_78_2020_2022_43",NA,34.7705197958918,34.805126032336,34.9215660095215,0.455944396641748,35.6212043762207,32.8211326599121
"dd_sal_78_2020_2022_44",NA,34.77513991947,34.804986716961,34.9169883728027,0.448580897421908,35.6196784973145,33.0271301269531
"dd_sal_78_2020_2022_45",NA,34.8078155002615,34.8362865053374,34.9482727050781,0.462579297807815,35.6883430480957,32.8012924194336
"dd_sal_78_2020_2022_46",NA,34.7775699465501,34.7971150825764,34.8864707946777,0.472227627430931,35.6929244995117,32.8104476928711
"dd_sal_78_2020_2022_47",NA,34.8131152653804,34.8316482938569,34.9238548278809,0.475908054565973,35.7020797729492,32.8394432067871
"dd_sal_78_2020_2022_48",NA,34.8381739390621,34.8634822385064,34.9497985839844,0.466765731162352,35.6959762573242,32.9401550292969
"dd_sal_78_2020_2022_49",NA,34.8189631377717,34.8394409837394,34.9543762207031,0.485230617047104,35.694450378418,33.0439147949219
"dd_sal_78_2020_2022_5",NA,35.1374038766838,35.1539684558737,35.2031021118164,0.230559252078826,35.6608772277832,33.767204284668
"dd_sal_78_2020_2022_50",NA,34.8570155172241,34.8687282430715,34.9955749511719,0.487438988208752,35.7020797729492,33.1339454650879
"dd_sal_78_2020_2022_51",NA,34.8939061904762,34.9058399134669,35.0444030761719,0.471013778551042,35.737174987793,33.1827735900879
"dd_sal_78_2020_2022_52",NA,34.8857665468978,34.8971158520929,35.0321960449219,0.477528646431207,35.7173385620117,32.9569396972656
"dd_sal_78_2020_2022_53",NA,34.8829113681578,34.8960818323596,35.0253295898438,0.49202373940726,35.7234420776367,32.9538879394531
"dd_sal_78_2020_2022_54",NA,34.9199667942718,34.9508282694323,35.1069679260254,0.478956238884589,35.7936325073242,33.1232643127441
"dd_sal_78_2020_2022_55",NA,34.9145535918188,34.9565900934154,35.0901832580566,0.480267464428961,35.9385986328125,32.8394432067871
"dd_sal_78_2020_2022_56",NA,34.9207727133687,34.9659086095876,35.0993385314941,0.479460356432392,35.8226280212402,32.8775901794434
"dd_sal_78_2020_2022_57",NA,34.9262401045989,34.9708417037438,35.1008644104004,0.482162030694702,35.8897666931152,32.9523620605469
"dd_sal_78_2020_2022_58",NA,34.9422076445907,34.9892027230098,35.1123085021973,0.487991640400367,35.9706420898438,32.9218406677246
"dd_sal_78_2020_2022_59",NA,35.0412485607881,35.0882985213707,35.2183609008789,0.468367888987166,36.0774574279785,33.0591735839844
"dd_sal_78_2020_2022_6",NA,35.1050093767504,35.1240788229581,35.1741065979004,0.233569561834095,35.5098114013672,33.887752532959
"dd_sal_78_2020_2022_60",NA,35.0802164469275,35.1368386761896,35.292366027832,0.462785622221194,36.0118408203125,33.0790138244629
"dd_sal_78_2020_2022_61",NA,35.0851719432922,35.135223099281,35.292366027832,0.479238547011418,35.9859008789062,32.8882713317871
"dd_sal_78_2020_2022_62",NA,35.0841335812345,35.1273753330625,35.2847366333008,0.503639201343954,35.978271484375,33.1080055236816
"dd_sal_78_2020_2022_63",NA,35.1089743836404,35.1528162199875,35.3236503601074,0.518898947579992,35.9706420898438,33.1873512268066
"dd_sal_78_2020_2022_64",NA,35.1529286319134,35.1945844584498,35.3709526062012,0.51687802554632,35.9584350585938,33.3429985046387
"dd_sal_78_2020_2022_65",NA,35.2054301998025,35.2427745490239,35.4258842468262,0.500646642975421,35.8851890563965,33.2132949829102
"dd_sal_78_2020_2022_66",NA,35.166600004994,35.2067286524279,35.4319877624512,0.532476237818649,35.8134689331055,33.0820655822754
"dd_sal_78_2020_2022_67",NA,34.98867270359,35.0414997232371,35.2847366333008,0.599282540271459,35.827205657959,32.7753524780273
"dd_sal_78_2020_2022_68",NA,34.8696955420436,34.9059476786646,35.0856056213379,0.627525999764663,35.8287315368652,32.7661972045898
"dd_sal_78_2020_2022_69",NA,34.9601476555057,34.9800866883377,35.1527442932129,0.616186717593475,35.8546714782715,32.7188949584961
"dd_sal_78_2020_2022_7",NA,35.0840318355771,35.1029815016122,35.1573219299316,0.236870291829985,35.4640350341797,34.0418701171875
"dd_sal_78_2020_2022_70",NA,35.0051616122516,35.0237149205701,35.2145462036133,0.585496215126365,35.8729820251465,32.7600936889648
"dd_sal_78_2020_2022_71",NA,35.0606239715633,35.0659068732426,35.219123840332,0.546779942142298,35.8973960876465,32.8318138122559
"dd_sal_78_2020_2022_72",NA,35.0390362090186,35.0354436348224,35.1565589904785,0.540887572971364,35.8912925720215,32.9706726074219
"dd_sal_78_2020_2022_73",NA,35.0373773189407,35.0258014218561,35.1321449279785,0.540502417148486,35.8973960876465,33.0713844299316
"dd_sal_78_2020_2022_74",NA,35.0816617212157,35.0628970836771,35.1618995666504,0.548491633757747,35.9202842712402,33.0927467346191
"dd_sal_78_2020_2022_75",NA,35.0903423069691,35.067148603242,35.159610748291,0.554080985538503,35.9340171813965,33.1385231018066
"dd_sal_78_2020_2022_76",NA,35.0490422991854,35.022625850809,35.1176490783691,0.572269479268738,35.937068939209,32.9386291503906
"dd_sal_78_2020_2022_77",NA,35.0217650105585,34.9947434129386,35.104679107666,0.59388545050281,35.9553833007812,33.0210266113281
"dd_sal_78_2020_2022_78",NA,35.0422489926842,35.0208473797502,35.1405372619629,0.597076261273454,35.9569091796875,32.8836936950684
"dd_sal_78_2020_2022_79",NA,35.0214358690697,35.0026887499053,35.1283302307129,0.602469863775522,35.941650390625,32.9157371520996
"dd_sal_78_2020_2022_8",NA,35.0669069497722,35.088456193332,35.1435890197754,0.24325501033071,35.4747161865234,34.0937538146973
"dd_sal_78_2020_2022_80",NA,35.0256760866265,35.006995523387,35.1207008361816,0.60595333850708,35.9355430603027,32.8775901794434
"dd_sal_78_2020_2022_81",NA,35.1019184646444,35.0867042278421,35.2168350219727,0.567124580357493,35.9492797851562,32.9844055175781
"dd_sal_78_2020_2022_82",NA,35.0327814184983,35.0163773964191,35.1329078674316,0.552022823569074,35.918758392334,32.9538879394531
"dd_sal_78_2020_2022_83",NA,34.9541545852328,34.9309833855465,35.0108337402344,0.557763281142325,35.8958702087402,32.9905090332031
"dd_sal_78_2020_2022_84",NA,34.9765876514501,34.9431013436153,35.0222778320312,0.557324200614393,35.9279136657715,33.1415748596191
"dd_sal_78_2020_2022_85",NA,34.9472472360504,34.8995993384,34.9581909179688,0.557135964330162,35.9263877868652,33.1873512268066
"dd_sal_78_2020_2022_86",NA,34.8604004596029,34.7846525652655,34.8010177612305,0.597887365327695,35.9096031188965,32.9447326660156
"dd_sal_78_2020_2022_87",NA,34.8297914375501,34.746962007983,34.7804183959961,0.631553221486015,35.8928184509277,32.9050559997559
"dd_sal_78_2020_2022_88",NA,34.869413510287,34.7778594510309,34.7987289428711,0.628664829550528,35.9401245117188,32.9920349121094
"dd_sal_78_2020_2022_89",NA,34.8891947984262,34.7880068219941,34.8231468200684,0.630825150126751,35.9492797851562,33.0271301269531
"dd_sal_78_2020_2022_9",NA,35.0733638993371,35.093712846164,35.1336708068848,0.232208331801039,35.4762420654297,34.0708656311035
"dd_sal_78_2020_2022_90",NA,34.9228396976623,34.8068966240718,34.8231468200684,0.652611073430466,35.9675903320312,33.0210266113281
"dd_sal_78_2020_2022_91",NA,34.8830869685993,34.7693037625017,34.8002548217773,0.658760970735614,35.9599609375,32.9706726074219
"dd_sal_78_2020_2022_92",NA,34.8489213824388,34.73309195946,34.8117008209229,0.675786602142365,35.9096031188965,33.0576477050781
"dd_sal_78_2020_2022_93",NA,34.8457596425869,34.739932290439,34.8094100952148,0.631393802964638,35.8775596618652,33.1522560119629
"dd_sal_78_2020_2022_94",NA,34.8300229796748,34.7307977807933,34.804069519043,0.609455026433091,35.8348350524902,33.2010879516602
"dd_sal_78_2020_2022_95",NA,34.7539530442152,34.6429543856917,34.7987289428711,0.64405981747877,35.6975021362305,33.0195007324219
"dd_sal_78_2020_2022_96",NA,34.7235668166922,34.621683581122,34.7788925170898,0.657959005447117,35.767692565918,32.9157371520996
"dd_sal_78_2020_2022_97",NA,34.7479072519447,34.6595580068128,34.7926254272461,0.616190806307196,35.7509078979492,32.9416809082031
"dd_sal_78_2020_2022_98",NA,34.7642644857094,34.6813998847172,34.7903366088867,0.599526230708779,35.700553894043,33.0072937011719
"dd_sal_78_2020_2022_99",NA,34.767313373815,34.698132449183,34.8063583374023,0.575737363754212,35.7051315307617,33.0820655822754
